rq_id,uid,uid_topic,rq_index,rq_text,eeg_data_verdict,deep_reason,grant_theme,recommended_support_type,support_type_ja,candidate_program_type,eeg_data_slices,eeg_slice_proxy_counts,candidate_dataset_examples,first_metrics,12_week_deliverable,main_risk,must_read_1,must_read_2,supplementary_1
U0-RQ1,U0,操作的同一性,1,同一性判定を『観測一致』と『介入応答一致』に分離したとき、どちらを必要条件・十分条件に置くか。,×,本人性そのものはEEG単独で確証できないため、状態連続性と再現性の前段指標へ分解して評価する。 本RQでは『同一性判定を『観測一致』と『介入応答一致』に分離したとき、どちらを必要条件・十分条件に置くか。』を直接主張ではなく、再現可能な検証単位へ分解して判定する。,操作的同一性のRQ『同一性判定を『観測一致』と『介入応答一致』に分離したとき、どちらを必要条件・十分条件に置くか。』を、EEG公開データで検証可能な前段課題へ分解して評価する。,activity_grant,活動助成,活動助成（標準化・公開運用・会議）,睡眠/意識状態; resting/connectivity; 測定基盤; カタログメタデータ,睡眠/意識状態:1514; resting/connectivity:1521; 測定基盤:684; カタログメタデータ:23758,A Resting-state EEG Dataset for Sleep Deprivation / Drivers Drowsiness Database: A collection of physiological signals during the use of a driving simulator (DD-Database) / EEG /EOG/EMG data from a cross sectional study on psychophysiological insomnia and normal sleep subjects / 5 Mins 64-Channel RestingState EEG Eyes Closed,縦断識別AUC; 状態遷移一貫率; ドリフト耐性,identity_proxy_protocol_v1,哲学的同一性への過剰外挿,https://doi.org/10.1017/9781009486309.002,https://doi.org/10.2139/ssrn.4560723,https://doi.org/10.1007/s11229-024-04744-3
U0-RQ2,U0,操作的同一性,2,時間同期（ms単位）と状態表現（行動・神経活動・生理）の対応をどう固定するか。,×,本人性そのものはEEG単独で確証できないため、状態連続性と再現性の前段指標へ分解して評価する。 本RQでは『時間同期（ms単位）と状態表現（行動・神経活動・生理）の対応をどう固定するか。』を直接主張ではなく、再現可能な検証単位へ分解して判定する。,操作的同一性のRQ『時間同期（ms単位）と状態表現（行動・神経活動・生理）の対応をどう固定するか。』を、EEG公開データで検証可能な前段課題へ分解して評価する。,activity_grant,活動助成,活動助成（標準化・公開運用・会議）,睡眠/意識状態; resting/connectivity; 測定基盤; カタログメタデータ,睡眠/意識状態:1514; resting/connectivity:1521; 測定基盤:684; カタログメタデータ:23758,A Resting-state EEG Dataset for Sleep Deprivation / Drivers Drowsiness Database: A collection of physiological signals during the use of a driving simulator (DD-Database) / EEG /EOG/EMG data from a cross sectional study on psychophysiological insomnia and normal sleep subjects / 5 Mins 64-Channel RestingState EEG Eyes Closed,縦断識別AUC; 状態遷移一貫率; ドリフト耐性,identity_proxy_protocol_v1,哲学的同一性への過剰外挿,https://doi.org/10.1017/9781009486309.002,https://doi.org/10.2139/ssrn.4560723,https://doi.org/10.1007/s11229-024-04744-3
U0-RQ3,U0,操作的同一性,3,同一性判定の閾値をタスク別にどう設定し、過学習モデルをどう除外するか。,×,本人性そのものはEEG単独で確証できないため、状態連続性と再現性の前段指標へ分解して評価する。 本RQでは『同一性判定の閾値をタスク別にどう設定し、過学習モデルをどう除外するか。』を直接主張ではなく、再現可能な検証単位へ分解して判定する。,操作的同一性のRQ『同一性判定の閾値をタスク別にどう設定し、過学習モデルをどう除外するか。』を、EEG公開データで検証可能な前段課題へ分解して評価する。,activity_grant,活動助成,活動助成（標準化・公開運用・会議）,睡眠/意識状態; resting/connectivity; 測定基盤; カタログメタデータ,睡眠/意識状態:1514; resting/connectivity:1521; 測定基盤:684; カタログメタデータ:23758,A Resting-state EEG Dataset for Sleep Deprivation / Drivers Drowsiness Database: A collection of physiological signals during the use of a driving simulator (DD-Database) / EEG /EOG/EMG data from a cross sectional study on psychophysiological insomnia and normal sleep subjects / 5 Mins 64-Channel RestingState EEG Eyes Closed,縦断識別AUC; 状態遷移一貫率; ドリフト耐性,identity_proxy_protocol_v1,哲学的同一性への過剰外挿,https://doi.org/10.1017/9781009486309.002,https://doi.org/10.2139/ssrn.4560723,https://doi.org/10.1007/s11229-024-04744-3
U0-RQ4,U0,操作的同一性,4,分岐/複製ケースでの『同一個体』定義をどの評価軸に帰着させるか。,×,本人性そのものはEEG単独で確証できないため、状態連続性と再現性の前段指標へ分解して評価する。 本RQでは『分岐/複製ケースでの『同一個体』定義をどの評価軸に帰着させるか。』を直接主張ではなく、再現可能な検証単位へ分解して判定する。,操作的同一性のRQ『分岐/複製ケースでの『同一個体』定義をどの評価軸に帰着させるか。』を、EEG公開データで検証可能な前段課題へ分解して評価する。,activity_grant,活動助成,活動助成（標準化・公開運用・会議）,睡眠/意識状態; resting/connectivity; 測定基盤; カタログメタデータ,睡眠/意識状態:1514; resting/connectivity:1521; 測定基盤:684; カタログメタデータ:23758,A Resting-state EEG Dataset for Sleep Deprivation / Drivers Drowsiness Database: A collection of physiological signals during the use of a driving simulator (DD-Database) / EEG /EOG/EMG data from a cross sectional study on psychophysiological insomnia and normal sleep subjects / 5 Mins 64-Channel RestingState EEG Eyes Closed,縦断識別AUC; 状態遷移一貫率; ドリフト耐性,identity_proxy_protocol_v1,哲学的同一性への過剰外挿,https://doi.org/10.1017/9781009486309.002,https://doi.org/10.2139/ssrn.4560723,https://doi.org/10.1007/s11229-024-04744-3
U1-RQ1,U1,逆問題同定可能性,1,EEG/MEG逆問題での不良設定性を、どの事前分布で制御するか。,△,逆問題の不良設定性は残るが、公開EEGで事前分布・正則化・不確実性報告を比較検証できる。 本RQでは『EEG/MEG逆問題での不良設定性を、どの事前分布で制御するか。』を直接主張ではなく、再現可能な検証単位へ分解して判定する。,逆問題同定可能性のRQ『EEG/MEG逆問題での不良設定性を、どの事前分布で制御するか。』を、EEG公開データで検証可能な前段課題へ分解して評価する。,research_grant,研究助成,研究助成（神経科学・AI・計測系）,測定基盤; resting/connectivity; ERP/P300,測定基盤:684; resting/connectivity:1521; ERP/P300:2084,"3M-CPSEED：An EEG-based Dataset for Chinese Pinyin Production in Overt, Silent-intended, and Imagined Speech / A common neural mechanism underlies experiences of passage of time / A Resting-state EEG Dataset for Sleep Deprivation / AvoinopenOpen2023-05-30 This archive holds the original data used to derive the results reported in the publication: 'Distinct frequencies balance segregation with interaction between different memory types within a prefrontal circuit' Authors: Martina Bracco, Tuomas P. Mutanen, Domenica Veniero, Gregor Thut & Edwin M. Robertson Corresponding Author: Edwin M. Robertson Contact: edwin.robertson@glasgow.ac.uk Please refer to the License for the correct use of the data. If the use of this data leads to any public dissemination, including (but not restricted to) scientific articles, conference presentations, and posters, please remember to cite the original article. General Description The dataset is shared in BIDS format. To facilitate the upload of files to Zenodo, each subject folder was compressed separately. To ensure a valid bids structure of the dataset, extract the contents of each zip file and place them in the same directory as the other files from the dataset. By doing so, you will have all the necessary files in the correct structure for the BIDS format. Data type: raw TMS-EEG data organized in BIDS format, and epoched ±800 ms around the pulse. preprocessed motor skill and word recall data organized in BIDS format (.tsv = data file; .json = data description). Key to Filenames: sub = Participant ses-preLearning = Session 1 data folder ses-postLearnng = Session 2 data folder eeg = TMS-EEG data folder beh = behaviral data folder Participants: 45 healthy participants (30 females, 23.9±3.6 years; mean ± std) Groups: Participants were randomly assigned to three different groups with different behavioural conditions: - In the 'motorSkill'-group, participants performed a sequential motor-skill task followed by a wordlist memory task. (sub-01 to sub-15) - In the 'wordRecall'-group, participants performed a wordlist memory followed by a sequential task motor-skill task. (sub-16 to sub-30) - In the 'control'-group, participants performed a random motor-skill task followed by a wordlist memory task. (sub-31 to sub-45) TMS-EEG data description Stimulation sites: Right dorsolateral prefrontal cortex (rDLPFC). Left primary motor cortex (lM1). Sessions: Session 1: TMS-EEG recordings before the behavioural tasks. Session 2: TMS-EEG recordings after the behavioural tasks. Number of TMS pulses: 126 pulses delivered to either DLPFC or M1 before, before and after behavioural tasks (a total of 252 pulses for Session 1 and Session 2, each). Inter-Stimulus Interval: 4-6 s (4.9±0.6 s, mean ± std). TMS intensity: 80% of participants' individual motor threshold. TMS machine: Magstim Rapid2, Magstim Company. Coil: figure-of-eight coil (Double 70-mm Alpha Coil). Number of channels: 62-channel EEG channels (AFz and TP9 are used as reference and ground, respectively) + 1 FDI EMG channel + 1 electrode on the outer canthus of the left eye to monitor eye movements. Sampling rate: 5000 Hz. Voltage resolution: 0.1 uV. EEG system: TMS-EEG compatible BrainAmp (Brain Products). Noise masking during TMS-EEG recordings: Yes. Memory tasks data description Motor skill task 'motorSkill'-group (sub-01 to sub-15): TestSerial; averaged response time of the last 50 serial trials immediately after learning. TestRandom; averaged response time for the 50 subsequent random trials immediately after learning. RetestSerial; averaged response time for the last 50 serial trials 10h after learning. RetestRandom; averaged response time for the 50 subsequent random trials 10h after learning. 'wordRecall'-group (sub-16 to sub-30): TestSerial; averaged response time for the last 50 serial trials immediately after learning. TestRandom; averaged response time for the 50 subsequent random trials immediately after learning. 'control'-group (sub-31 to sub-45): TestRandom; averaged response time of the last 100 random trials at testing. RetestRandom; averaged response time of the last 100 random trials 10h after the tasks. Word recall task 'motorSkill'-group (sub-01 to sub-15): Test; number of words recalled immediately after learning. 'wordRecall'-group (sub-16 to sub-30): Test; number of words recalled immediately after learning. Retest; number of words recalled 10h after learning. 'control'-group (sub-31 to sub-45): Test; number of words recalled immediately after learning.Creative Commons Nimeä 4.0 Kansainvälinen (CC BY 4.0)CC-BY-4.0Creative Commons Attribution 4.0 International (CC BY 4.0)urn:nbn:fi:att:data-catalog-acrisACRIS katalogi9ACRIS catalogmetaxtrue2023-06-02T00:00:00NeurotieteetNeurovetenskaper3112Neuroscienceshttps://etsin.fairdata.fi/dataset/5a14d7a9-8f31-4bd0-9fad-14061c8e0097https://tiedejatutkimus.fi/fi/results/dataset/5a14d7a9-8f31-4bd0-9fad-14061c8e0097https://forskning.fi/sv/results/dataset/5a14d7a9-8f31-4bd0-9fad-14061c8e0097https://research.fi/en/results/dataset/5a14d7a9-8f31-4bd0-9fad-14061c8e00975a14d7a9-8f31-4bd0-9fad-14061c8e0097Distinct frequencies balance segregation with interaction between different memory types within a prefront",ソース推定誤差; calibration error; 条件数,inverse_problem_benchmark_v1,装置差・被験者差で誤差境界が崩れる,https://doi.org/10.1109/JSEN.2024.3502917,https://doi.org/10.1088/1361-6420/acf9c6,https://doi.org/10.1088/2057-1976/aca20b
U1-RQ2,U1,逆問題同定可能性,2,頭蓋導電率・電極配置・ノイズ構造の不確実性を、推定不確実性へどう伝播させるか。,△,逆問題の不良設定性は残るが、公開EEGで事前分布・正則化・不確実性報告を比較検証できる。 本RQでは『頭蓋導電率・電極配置・ノイズ構造の不確実性を、推定不確実性へどう伝播させるか。』を直接主張ではなく、再現可能な検証単位へ分解して判定する。,逆問題同定可能性のRQ『頭蓋導電率・電極配置・ノイズ構造の不確実性を、推定不確実性へどう伝播させるか。』を、EEG公開データで検証可能な前段課題へ分解して評価する。,research_grant,研究助成,研究助成（神経科学・AI・計測系）,測定基盤; resting/connectivity; ERP/P300,測定基盤:684; resting/connectivity:1521; ERP/P300:2084,"3M-CPSEED：An EEG-based Dataset for Chinese Pinyin Production in Overt, Silent-intended, and Imagined Speech / A common neural mechanism underlies experiences of passage of time / A Resting-state EEG Dataset for Sleep Deprivation / AvoinopenOpen2023-05-30 This archive holds the original data used to derive the results reported in the publication: 'Distinct frequencies balance segregation with interaction between different memory types within a prefrontal circuit' Authors: Martina Bracco, Tuomas P. Mutanen, Domenica Veniero, Gregor Thut & Edwin M. Robertson Corresponding Author: Edwin M. Robertson Contact: edwin.robertson@glasgow.ac.uk Please refer to the License for the correct use of the data. If the use of this data leads to any public dissemination, including (but not restricted to) scientific articles, conference presentations, and posters, please remember to cite the original article. General Description The dataset is shared in BIDS format. To facilitate the upload of files to Zenodo, each subject folder was compressed separately. To ensure a valid bids structure of the dataset, extract the contents of each zip file and place them in the same directory as the other files from the dataset. By doing so, you will have all the necessary files in the correct structure for the BIDS format. Data type: raw TMS-EEG data organized in BIDS format, and epoched ±800 ms around the pulse. preprocessed motor skill and word recall data organized in BIDS format (.tsv = data file; .json = data description). Key to Filenames: sub = Participant ses-preLearning = Session 1 data folder ses-postLearnng = Session 2 data folder eeg = TMS-EEG data folder beh = behaviral data folder Participants: 45 healthy participants (30 females, 23.9±3.6 years; mean ± std) Groups: Participants were randomly assigned to three different groups with different behavioural conditions: - In the 'motorSkill'-group, participants performed a sequential motor-skill task followed by a wordlist memory task. (sub-01 to sub-15) - In the 'wordRecall'-group, participants performed a wordlist memory followed by a sequential task motor-skill task. (sub-16 to sub-30) - In the 'control'-group, participants performed a random motor-skill task followed by a wordlist memory task. (sub-31 to sub-45) TMS-EEG data description Stimulation sites: Right dorsolateral prefrontal cortex (rDLPFC). Left primary motor cortex (lM1). Sessions: Session 1: TMS-EEG recordings before the behavioural tasks. Session 2: TMS-EEG recordings after the behavioural tasks. Number of TMS pulses: 126 pulses delivered to either DLPFC or M1 before, before and after behavioural tasks (a total of 252 pulses for Session 1 and Session 2, each). Inter-Stimulus Interval: 4-6 s (4.9±0.6 s, mean ± std). TMS intensity: 80% of participants' individual motor threshold. TMS machine: Magstim Rapid2, Magstim Company. Coil: figure-of-eight coil (Double 70-mm Alpha Coil). Number of channels: 62-channel EEG channels (AFz and TP9 are used as reference and ground, respectively) + 1 FDI EMG channel + 1 electrode on the outer canthus of the left eye to monitor eye movements. Sampling rate: 5000 Hz. Voltage resolution: 0.1 uV. EEG system: TMS-EEG compatible BrainAmp (Brain Products). Noise masking during TMS-EEG recordings: Yes. Memory tasks data description Motor skill task 'motorSkill'-group (sub-01 to sub-15): TestSerial; averaged response time of the last 50 serial trials immediately after learning. TestRandom; averaged response time for the 50 subsequent random trials immediately after learning. RetestSerial; averaged response time for the last 50 serial trials 10h after learning. RetestRandom; averaged response time for the 50 subsequent random trials 10h after learning. 'wordRecall'-group (sub-16 to sub-30): TestSerial; averaged response time for the last 50 serial trials immediately after learning. TestRandom; averaged response time for the 50 subsequent random trials immediately after learning. 'control'-group (sub-31 to sub-45): TestRandom; averaged response time of the last 100 random trials at testing. RetestRandom; averaged response time of the last 100 random trials 10h after the tasks. Word recall task 'motorSkill'-group (sub-01 to sub-15): Test; number of words recalled immediately after learning. 'wordRecall'-group (sub-16 to sub-30): Test; number of words recalled immediately after learning. Retest; number of words recalled 10h after learning. 'control'-group (sub-31 to sub-45): Test; number of words recalled immediately after learning.Creative Commons Nimeä 4.0 Kansainvälinen (CC BY 4.0)CC-BY-4.0Creative Commons Attribution 4.0 International (CC BY 4.0)urn:nbn:fi:att:data-catalog-acrisACRIS katalogi9ACRIS catalogmetaxtrue2023-06-02T00:00:00NeurotieteetNeurovetenskaper3112Neuroscienceshttps://etsin.fairdata.fi/dataset/5a14d7a9-8f31-4bd0-9fad-14061c8e0097https://tiedejatutkimus.fi/fi/results/dataset/5a14d7a9-8f31-4bd0-9fad-14061c8e0097https://forskning.fi/sv/results/dataset/5a14d7a9-8f31-4bd0-9fad-14061c8e0097https://research.fi/en/results/dataset/5a14d7a9-8f31-4bd0-9fad-14061c8e00975a14d7a9-8f31-4bd0-9fad-14061c8e0097Distinct frequencies balance segregation with interaction between different memory types within a prefront",ソース推定誤差; calibration error; 条件数,inverse_problem_benchmark_v1,装置差・被験者差で誤差境界が崩れる,https://doi.org/10.1109/JSEN.2024.3502917,https://doi.org/10.1088/1361-6420/acf9c6,https://doi.org/10.1088/2057-1976/aca20b
U1-RQ3,U1,逆問題同定可能性,3,"同じデータで異なる逆解法（MNE, beamformer, Champagne 等）が乖離した場合の判定規則をどう置くか。",△,"逆問題の不良設定性は残るが、公開EEGで事前分布・正則化・不確実性報告を比較検証できる。 本RQでは『同じデータで異なる逆解法（MNE, beamformer, Champagne 等）が乖離した場合の判定規則をどう置くか。』を直接主張ではなく、再現可能な検証単位へ分解して判定する。","逆問題同定可能性のRQ『同じデータで異なる逆解法（MNE, beamformer, Champagne 等）が乖離した場合の判定規則をどう置くか。』を、EEG公開データで検証可能な前段課題へ分解して評価する。",research_grant,研究助成,研究助成（神経科学・AI・計測系）,測定基盤; resting/connectivity; ERP/P300,測定基盤:684; resting/connectivity:1521; ERP/P300:2084,"3M-CPSEED：An EEG-based Dataset for Chinese Pinyin Production in Overt, Silent-intended, and Imagined Speech / A common neural mechanism underlies experiences of passage of time / A Resting-state EEG Dataset for Sleep Deprivation / AvoinopenOpen2023-05-30 This archive holds the original data used to derive the results reported in the publication: 'Distinct frequencies balance segregation with interaction between different memory types within a prefrontal circuit' Authors: Martina Bracco, Tuomas P. Mutanen, Domenica Veniero, Gregor Thut & Edwin M. Robertson Corresponding Author: Edwin M. Robertson Contact: edwin.robertson@glasgow.ac.uk Please refer to the License for the correct use of the data. If the use of this data leads to any public dissemination, including (but not restricted to) scientific articles, conference presentations, and posters, please remember to cite the original article. General Description The dataset is shared in BIDS format. To facilitate the upload of files to Zenodo, each subject folder was compressed separately. To ensure a valid bids structure of the dataset, extract the contents of each zip file and place them in the same directory as the other files from the dataset. By doing so, you will have all the necessary files in the correct structure for the BIDS format. Data type: raw TMS-EEG data organized in BIDS format, and epoched ±800 ms around the pulse. preprocessed motor skill and word recall data organized in BIDS format (.tsv = data file; .json = data description). Key to Filenames: sub = Participant ses-preLearning = Session 1 data folder ses-postLearnng = Session 2 data folder eeg = TMS-EEG data folder beh = behaviral data folder Participants: 45 healthy participants (30 females, 23.9±3.6 years; mean ± std) Groups: Participants were randomly assigned to three different groups with different behavioural conditions: - In the 'motorSkill'-group, participants performed a sequential motor-skill task followed by a wordlist memory task. (sub-01 to sub-15) - In the 'wordRecall'-group, participants performed a wordlist memory followed by a sequential task motor-skill task. (sub-16 to sub-30) - In the 'control'-group, participants performed a random motor-skill task followed by a wordlist memory task. (sub-31 to sub-45) TMS-EEG data description Stimulation sites: Right dorsolateral prefrontal cortex (rDLPFC). Left primary motor cortex (lM1). Sessions: Session 1: TMS-EEG recordings before the behavioural tasks. Session 2: TMS-EEG recordings after the behavioural tasks. Number of TMS pulses: 126 pulses delivered to either DLPFC or M1 before, before and after behavioural tasks (a total of 252 pulses for Session 1 and Session 2, each). Inter-Stimulus Interval: 4-6 s (4.9±0.6 s, mean ± std). TMS intensity: 80% of participants' individual motor threshold. TMS machine: Magstim Rapid2, Magstim Company. Coil: figure-of-eight coil (Double 70-mm Alpha Coil). Number of channels: 62-channel EEG channels (AFz and TP9 are used as reference and ground, respectively) + 1 FDI EMG channel + 1 electrode on the outer canthus of the left eye to monitor eye movements. Sampling rate: 5000 Hz. Voltage resolution: 0.1 uV. EEG system: TMS-EEG compatible BrainAmp (Brain Products). Noise masking during TMS-EEG recordings: Yes. Memory tasks data description Motor skill task 'motorSkill'-group (sub-01 to sub-15): TestSerial; averaged response time of the last 50 serial trials immediately after learning. TestRandom; averaged response time for the 50 subsequent random trials immediately after learning. RetestSerial; averaged response time for the last 50 serial trials 10h after learning. RetestRandom; averaged response time for the 50 subsequent random trials 10h after learning. 'wordRecall'-group (sub-16 to sub-30): TestSerial; averaged response time for the last 50 serial trials immediately after learning. TestRandom; averaged response time for the 50 subsequent random trials immediately after learning. 'control'-group (sub-31 to sub-45): TestRandom; averaged response time of the last 100 random trials at testing. RetestRandom; averaged response time of the last 100 random trials 10h after the tasks. Word recall task 'motorSkill'-group (sub-01 to sub-15): Test; number of words recalled immediately after learning. 'wordRecall'-group (sub-16 to sub-30): Test; number of words recalled immediately after learning. Retest; number of words recalled 10h after learning. 'control'-group (sub-31 to sub-45): Test; number of words recalled immediately after learning.Creative Commons Nimeä 4.0 Kansainvälinen (CC BY 4.0)CC-BY-4.0Creative Commons Attribution 4.0 International (CC BY 4.0)urn:nbn:fi:att:data-catalog-acrisACRIS katalogi9ACRIS catalogmetaxtrue2023-06-02T00:00:00NeurotieteetNeurovetenskaper3112Neuroscienceshttps://etsin.fairdata.fi/dataset/5a14d7a9-8f31-4bd0-9fad-14061c8e0097https://tiedejatutkimus.fi/fi/results/dataset/5a14d7a9-8f31-4bd0-9fad-14061c8e0097https://forskning.fi/sv/results/dataset/5a14d7a9-8f31-4bd0-9fad-14061c8e0097https://research.fi/en/results/dataset/5a14d7a9-8f31-4bd0-9fad-14061c8e00975a14d7a9-8f31-4bd0-9fad-14061c8e0097Distinct frequencies balance segregation with interaction between different memory types within a prefront",ソース推定誤差; calibration error; 条件数,inverse_problem_benchmark_v1,装置差・被験者差で誤差境界が崩れる,https://doi.org/10.1109/JSEN.2024.3502917,https://doi.org/10.1088/1361-6420/acf9c6,https://doi.org/10.1088/2057-1976/aca20b
U1-RQ4,U1,逆問題同定可能性,4,推定値だけでなく、信頼区間/後方分布を公開基準に含めるか。,△,逆問題の不良設定性は残るが、公開EEGで事前分布・正則化・不確実性報告を比較検証できる。 本RQでは『推定値だけでなく、信頼区間/後方分布を公開基準に含めるか。』を直接主張ではなく、再現可能な検証単位へ分解して判定する。,逆問題同定可能性のRQ『推定値だけでなく、信頼区間/後方分布を公開基準に含めるか。』を、EEG公開データで検証可能な前段課題へ分解して評価する。,research_grant,研究助成,研究助成（神経科学・AI・計測系）,測定基盤; resting/connectivity; ERP/P300,測定基盤:684; resting/connectivity:1521; ERP/P300:2084,"3M-CPSEED：An EEG-based Dataset for Chinese Pinyin Production in Overt, Silent-intended, and Imagined Speech / A common neural mechanism underlies experiences of passage of time / A Resting-state EEG Dataset for Sleep Deprivation / AvoinopenOpen2023-05-30 This archive holds the original data used to derive the results reported in the publication: 'Distinct frequencies balance segregation with interaction between different memory types within a prefrontal circuit' Authors: Martina Bracco, Tuomas P. Mutanen, Domenica Veniero, Gregor Thut & Edwin M. Robertson Corresponding Author: Edwin M. Robertson Contact: edwin.robertson@glasgow.ac.uk Please refer to the License for the correct use of the data. If the use of this data leads to any public dissemination, including (but not restricted to) scientific articles, conference presentations, and posters, please remember to cite the original article. General Description The dataset is shared in BIDS format. To facilitate the upload of files to Zenodo, each subject folder was compressed separately. To ensure a valid bids structure of the dataset, extract the contents of each zip file and place them in the same directory as the other files from the dataset. By doing so, you will have all the necessary files in the correct structure for the BIDS format. Data type: raw TMS-EEG data organized in BIDS format, and epoched ±800 ms around the pulse. preprocessed motor skill and word recall data organized in BIDS format (.tsv = data file; .json = data description). Key to Filenames: sub = Participant ses-preLearning = Session 1 data folder ses-postLearnng = Session 2 data folder eeg = TMS-EEG data folder beh = behaviral data folder Participants: 45 healthy participants (30 females, 23.9±3.6 years; mean ± std) Groups: Participants were randomly assigned to three different groups with different behavioural conditions: - In the 'motorSkill'-group, participants performed a sequential motor-skill task followed by a wordlist memory task. (sub-01 to sub-15) - In the 'wordRecall'-group, participants performed a wordlist memory followed by a sequential task motor-skill task. (sub-16 to sub-30) - In the 'control'-group, participants performed a random motor-skill task followed by a wordlist memory task. (sub-31 to sub-45) TMS-EEG data description Stimulation sites: Right dorsolateral prefrontal cortex (rDLPFC). Left primary motor cortex (lM1). Sessions: Session 1: TMS-EEG recordings before the behavioural tasks. Session 2: TMS-EEG recordings after the behavioural tasks. Number of TMS pulses: 126 pulses delivered to either DLPFC or M1 before, before and after behavioural tasks (a total of 252 pulses for Session 1 and Session 2, each). Inter-Stimulus Interval: 4-6 s (4.9±0.6 s, mean ± std). TMS intensity: 80% of participants' individual motor threshold. TMS machine: Magstim Rapid2, Magstim Company. Coil: figure-of-eight coil (Double 70-mm Alpha Coil). Number of channels: 62-channel EEG channels (AFz and TP9 are used as reference and ground, respectively) + 1 FDI EMG channel + 1 electrode on the outer canthus of the left eye to monitor eye movements. Sampling rate: 5000 Hz. Voltage resolution: 0.1 uV. EEG system: TMS-EEG compatible BrainAmp (Brain Products). Noise masking during TMS-EEG recordings: Yes. Memory tasks data description Motor skill task 'motorSkill'-group (sub-01 to sub-15): TestSerial; averaged response time of the last 50 serial trials immediately after learning. TestRandom; averaged response time for the 50 subsequent random trials immediately after learning. RetestSerial; averaged response time for the last 50 serial trials 10h after learning. RetestRandom; averaged response time for the 50 subsequent random trials 10h after learning. 'wordRecall'-group (sub-16 to sub-30): TestSerial; averaged response time for the last 50 serial trials immediately after learning. TestRandom; averaged response time for the 50 subsequent random trials immediately after learning. 'control'-group (sub-31 to sub-45): TestRandom; averaged response time of the last 100 random trials at testing. RetestRandom; averaged response time of the last 100 random trials 10h after the tasks. Word recall task 'motorSkill'-group (sub-01 to sub-15): Test; number of words recalled immediately after learning. 'wordRecall'-group (sub-16 to sub-30): Test; number of words recalled immediately after learning. Retest; number of words recalled 10h after learning. 'control'-group (sub-31 to sub-45): Test; number of words recalled immediately after learning.Creative Commons Nimeä 4.0 Kansainvälinen (CC BY 4.0)CC-BY-4.0Creative Commons Attribution 4.0 International (CC BY 4.0)urn:nbn:fi:att:data-catalog-acrisACRIS katalogi9ACRIS catalogmetaxtrue2023-06-02T00:00:00NeurotieteetNeurovetenskaper3112Neuroscienceshttps://etsin.fairdata.fi/dataset/5a14d7a9-8f31-4bd0-9fad-14061c8e0097https://tiedejatutkimus.fi/fi/results/dataset/5a14d7a9-8f31-4bd0-9fad-14061c8e0097https://forskning.fi/sv/results/dataset/5a14d7a9-8f31-4bd0-9fad-14061c8e0097https://research.fi/en/results/dataset/5a14d7a9-8f31-4bd0-9fad-14061c8e00975a14d7a9-8f31-4bd0-9fad-14061c8e0097Distinct frequencies balance segregation with interaction between different memory types within a prefront",ソース推定誤差; calibration error; 条件数,inverse_problem_benchmark_v1,装置差・被験者差で誤差境界が崩れる,https://doi.org/10.1109/JSEN.2024.3502917,https://doi.org/10.1088/1361-6420/acf9c6,https://doi.org/10.1088/2057-1976/aca20b
U3-RQ1,U3,生物学的境界,1,ニューロン中心モデルに対して、グリア/体液性調節を追加した際の予測改善量をどう測るか。,△,主体境界の完全決着は不可だが、要素を削った際の性能低下を公開データで比較し境界候補を狭められる。 本RQでは『ニューロン中心モデルに対して、グリア/体液性調節を追加した際の予測改善量をどう測るか。』を直接主張ではなく、再現可能な検証単位へ分解して判定する。,生物学的境界のRQ『ニューロン中心モデルに対して、グリア/体液性調節を追加した際の予測改善量をどう測るか。』を、EEG公開データで検証可能な前段課題へ分解して評価する。,research_grant,研究助成,研究助成（神経科学・AI・計測系）,睡眠/意識状態; 感情; multimodal,睡眠/意識状態:1514; 感情:1214; multimodal:868,A Resting-state EEG Dataset for Sleep Deprivation / Drivers Drowsiness Database: A collection of physiological signals during the use of a driving simulator (DD-Database) / EEG /EOG/EMG data from a cross sectional study on psychophysiological insomnia and normal sleep subjects / Design and implementation of a brief digital mindfulness and compassion training app for health care professionals: cluster randomized controlled trial,境界要素アブレーション差分; 汎化性能; 反事実頑健性,boundary_ablation_report_v1,身体・環境ループの欠落を過小評価,https://www.nature.com/articles/s41586-023-06808-9,https://pubmed.ncbi.nlm.nih.gov/39902809/,https://pubmed.ncbi.nlm.nih.gov/38762094/
U3-RQ2,U3,生物学的境界,2,connectome完全性と機能予測性能の関係を、種横断でどう比較するか。,△,主体境界の完全決着は不可だが、要素を削った際の性能低下を公開データで比較し境界候補を狭められる。 本RQでは『connectome完全性と機能予測性能の関係を、種横断でどう比較するか。』を直接主張ではなく、再現可能な検証単位へ分解して判定する。,生物学的境界のRQ『connectome完全性と機能予測性能の関係を、種横断でどう比較するか。』を、EEG公開データで検証可能な前段課題へ分解して評価する。,research_grant,研究助成,研究助成（神経科学・AI・計測系）,睡眠/意識状態; 感情; multimodal,睡眠/意識状態:1514; 感情:1214; multimodal:868,A Resting-state EEG Dataset for Sleep Deprivation / Drivers Drowsiness Database: A collection of physiological signals during the use of a driving simulator (DD-Database) / EEG /EOG/EMG data from a cross sectional study on psychophysiological insomnia and normal sleep subjects / Design and implementation of a brief digital mindfulness and compassion training app for health care professionals: cluster randomized controlled trial,境界要素アブレーション差分; 汎化性能; 反事実頑健性,boundary_ablation_report_v1,身体・環境ループの欠落を過小評価,https://www.nature.com/articles/s41586-023-06808-9,https://pubmed.ncbi.nlm.nih.gov/39902809/,https://pubmed.ncbi.nlm.nih.gov/38762094/
U3-RQ3,U3,生物学的境界,3,身体・環境結合を除去したモデルで失われる機能をどう定量化するか。,△,主体境界の完全決着は不可だが、要素を削った際の性能低下を公開データで比較し境界候補を狭められる。 本RQでは『身体・環境結合を除去したモデルで失われる機能をどう定量化するか。』を直接主張ではなく、再現可能な検証単位へ分解して判定する。,生物学的境界のRQ『身体・環境結合を除去したモデルで失われる機能をどう定量化するか。』を、EEG公開データで検証可能な前段課題へ分解して評価する。,research_grant,研究助成,研究助成（神経科学・AI・計測系）,睡眠/意識状態; 感情; multimodal,睡眠/意識状態:1514; 感情:1214; multimodal:868,A Resting-state EEG Dataset for Sleep Deprivation / Drivers Drowsiness Database: A collection of physiological signals during the use of a driving simulator (DD-Database) / EEG /EOG/EMG data from a cross sectional study on psychophysiological insomnia and normal sleep subjects / Design and implementation of a brief digital mindfulness and compassion training app for health care professionals: cluster randomized controlled trial,境界要素アブレーション差分; 汎化性能; 反事実頑健性,boundary_ablation_report_v1,身体・環境ループの欠落を過小評価,https://www.nature.com/articles/s41586-023-06808-9,https://pubmed.ncbi.nlm.nih.gov/39902809/,https://pubmed.ncbi.nlm.nih.gov/38762094/
U3-RQ4,U3,生物学的境界,4,『必要最小構成』の判定を理論的主張ではなくデータでどう固定するか。,△,主体境界の完全決着は不可だが、要素を削った際の性能低下を公開データで比較し境界候補を狭められる。 本RQでは『『必要最小構成』の判定を理論的主張ではなくデータでどう固定するか。』を直接主張ではなく、再現可能な検証単位へ分解して判定する。,生物学的境界のRQ『『必要最小構成』の判定を理論的主張ではなくデータでどう固定するか。』を、EEG公開データで検証可能な前段課題へ分解して評価する。,research_grant,研究助成,研究助成（神経科学・AI・計測系）,睡眠/意識状態; 感情; multimodal,睡眠/意識状態:1514; 感情:1214; multimodal:868,A Resting-state EEG Dataset for Sleep Deprivation / Drivers Drowsiness Database: A collection of physiological signals during the use of a driving simulator (DD-Database) / EEG /EOG/EMG data from a cross sectional study on psychophysiological insomnia and normal sleep subjects / Design and implementation of a brief digital mindfulness and compassion training app for health care professionals: cluster randomized controlled trial,境界要素アブレーション差分; 汎化性能; 反事実頑健性,boundary_ablation_report_v1,身体・環境ループの欠落を過小評価,https://www.nature.com/articles/s41586-023-06808-9,https://pubmed.ncbi.nlm.nih.gov/39902809/,https://pubmed.ncbi.nlm.nih.gov/38762094/
U3-RQ5,U3,生物学的境界,5,glymphatic/meningeal lymphatic 系を含むとき、予測精度と説明可能性はどの程度改善するか。,△,主体境界の完全決着は不可だが、要素を削った際の性能低下を公開データで比較し境界候補を狭められる。 本RQでは『glymphatic/meningeal lymphatic 系を含むとき、予測精度と説明可能性はどの程度改善するか。』を直接主張ではなく、再現可能な検証単位へ分解して判定する。,生物学的境界のRQ『glymphatic/meningeal lymphatic 系を含むとき、予測精度と説明可能性はどの程度改善するか。』を、EEG公開データで検証可能な前段課題へ分解して評価する。,research_grant,研究助成,研究助成（神経科学・AI・計測系）,睡眠/意識状態; 感情; multimodal,睡眠/意識状態:1514; 感情:1214; multimodal:868,A Resting-state EEG Dataset for Sleep Deprivation / Drivers Drowsiness Database: A collection of physiological signals during the use of a driving simulator (DD-Database) / EEG /EOG/EMG data from a cross sectional study on psychophysiological insomnia and normal sleep subjects / Design and implementation of a brief digital mindfulness and compassion training app for health care professionals: cluster randomized controlled trial,境界要素アブレーション差分; 汎化性能; 反事実頑健性,boundary_ablation_report_v1,身体・環境ループの欠落を過小評価,https://www.nature.com/articles/s41586-023-06808-9,https://pubmed.ncbi.nlm.nih.gov/39902809/,https://pubmed.ncbi.nlm.nih.gov/38762094/
U3-RQ6,U3,生物学的境界,6,免疫監視（髄膜免疫・炎症性シグナル）を除外したモデルは、どの時点で長期予測が破綻するか。,△,主体境界の完全決着は不可だが、要素を削った際の性能低下を公開データで比較し境界候補を狭められる。 本RQでは『免疫監視（髄膜免疫・炎症性シグナル）を除外したモデルは、どの時点で長期予測が破綻するか。』を直接主張ではなく、再現可能な検証単位へ分解して判定する。,生物学的境界のRQ『免疫監視（髄膜免疫・炎症性シグナル）を除外したモデルは、どの時点で長期予測が破綻するか。』を、EEG公開データで検証可能な前段課題へ分解して評価する。,research_grant,研究助成,研究助成（神経科学・AI・計測系）,睡眠/意識状態; 感情; multimodal,睡眠/意識状態:1514; 感情:1214; multimodal:868,A Resting-state EEG Dataset for Sleep Deprivation / Drivers Drowsiness Database: A collection of physiological signals during the use of a driving simulator (DD-Database) / EEG /EOG/EMG data from a cross sectional study on psychophysiological insomnia and normal sleep subjects / Design and implementation of a brief digital mindfulness and compassion training app for health care professionals: cluster randomized controlled trial,境界要素アブレーション差分; 汎化性能; 反事実頑健性,boundary_ablation_report_v1,身体・環境ループの欠落を過小評価,https://www.nature.com/articles/s41586-023-06808-9,https://pubmed.ncbi.nlm.nih.gov/39902809/,https://pubmed.ncbi.nlm.nih.gov/38762094/
U4-RQ1,U4,因果同値,1,観測データ由来の相関を因果グラフへ持ち上げる識別条件は何か。,△,真の因果同値の証明は困難だが、介入類似タスクで反事実整合性を比較する下位検証は可能。 本RQでは『観測データ由来の相関を因果グラフへ持ち上げる識別条件は何か。』を直接主張ではなく、再現可能な検証単位へ分解して判定する。,因果同値のRQ『観測データ由来の相関を因果グラフへ持ち上げる識別条件は何か。』を、EEG公開データで検証可能な前段課題へ分解して評価する。,research_grant,研究助成,研究助成（神経科学・AI・計測系）,ERP/P300; 記憶/注意; resting/connectivity,ERP/P300:2084; 記憶/注意:1155; resting/connectivity:1521,Distorted facial perception of the partner / EEG data from sensory task in Schizophrenia (2) / EEG Dataset of Auditory Evoked Potentials / Multimodal Image and Visually Evoked EEG Dataset for Multiclass Visual Content Classification,介入前後差分; 因果方向一致率; OOD劣化率,causal_proxy_benchmark_v1,疑似相関を因果と誤認,https://doi.org/10.1038/s41583-024-00881-3,https://doi.org/10.1016/j.neuroimage.2024.120684,https://doi.org/10.1109/TNSRE.2021.3123964
U4-RQ2,U4,因果同値,2,介入実験（刺激・抑制・入力撹乱）で検証可能な最小因果主張は何か。,△,真の因果同値の証明は困難だが、介入類似タスクで反事実整合性を比較する下位検証は可能。 本RQでは『介入実験（刺激・抑制・入力撹乱）で検証可能な最小因果主張は何か。』を直接主張ではなく、再現可能な検証単位へ分解して判定する。,因果同値のRQ『介入実験（刺激・抑制・入力撹乱）で検証可能な最小因果主張は何か。』を、EEG公開データで検証可能な前段課題へ分解して評価する。,research_grant,研究助成,研究助成（神経科学・AI・計測系）,ERP/P300; 記憶/注意; resting/connectivity,ERP/P300:2084; 記憶/注意:1155; resting/connectivity:1521,Distorted facial perception of the partner / EEG data from sensory task in Schizophrenia (2) / EEG Dataset of Auditory Evoked Potentials / Multimodal Image and Visually Evoked EEG Dataset for Multiclass Visual Content Classification,介入前後差分; 因果方向一致率; OOD劣化率,causal_proxy_benchmark_v1,疑似相関を因果と誤認,https://doi.org/10.1038/s41583-024-00881-3,https://doi.org/10.1016/j.neuroimage.2024.120684,https://doi.org/10.1109/TNSRE.2021.3123964
U4-RQ3,U4,因果同値,3,active inferenceやDCMの理論予測を、反事実評価にどう接続するか。,△,真の因果同値の証明は困難だが、介入類似タスクで反事実整合性を比較する下位検証は可能。 本RQでは『active inferenceやDCMの理論予測を、反事実評価にどう接続するか。』を直接主張ではなく、再現可能な検証単位へ分解して判定する。,因果同値のRQ『active inferenceやDCMの理論予測を、反事実評価にどう接続するか。』を、EEG公開データで検証可能な前段課題へ分解して評価する。,research_grant,研究助成,研究助成（神経科学・AI・計測系）,ERP/P300; 記憶/注意; resting/connectivity,ERP/P300:2084; 記憶/注意:1155; resting/connectivity:1521,Distorted facial perception of the partner / EEG data from sensory task in Schizophrenia (2) / EEG Dataset of Auditory Evoked Potentials / Multimodal Image and Visually Evoked EEG Dataset for Multiclass Visual Content Classification,介入前後差分; 因果方向一致率; OOD劣化率,causal_proxy_benchmark_v1,疑似相関を因果と誤認,https://doi.org/10.1038/s41583-024-00881-3,https://doi.org/10.1016/j.neuroimage.2024.120684,https://doi.org/10.1109/TNSRE.2021.3123964
U4-RQ4,U4,因果同値,4,同値判定の失敗条件（falsification）をどの水準で宣言するか。,△,真の因果同値の証明は困難だが、介入類似タスクで反事実整合性を比較する下位検証は可能。 本RQでは『同値判定の失敗条件（falsification）をどの水準で宣言するか。』を直接主張ではなく、再現可能な検証単位へ分解して判定する。,因果同値のRQ『同値判定の失敗条件（falsification）をどの水準で宣言するか。』を、EEG公開データで検証可能な前段課題へ分解して評価する。,research_grant,研究助成,研究助成（神経科学・AI・計測系）,ERP/P300; 記憶/注意; resting/connectivity,ERP/P300:2084; 記憶/注意:1155; resting/connectivity:1521,Distorted facial perception of the partner / EEG data from sensory task in Schizophrenia (2) / EEG Dataset of Auditory Evoked Potentials / Multimodal Image and Visually Evoked EEG Dataset for Multiclass Visual Content Classification,介入前後差分; 因果方向一致率; OOD劣化率,causal_proxy_benchmark_v1,疑似相関を因果と誤認,https://doi.org/10.1038/s41583-024-00881-3,https://doi.org/10.1016/j.neuroimage.2024.120684,https://doi.org/10.1109/TNSRE.2021.3123964
U7-RQ1,U7,マルチモーダル整合,1,BIDS拡張で同期・QC・刺激ログをどこまで必須化するか。,△,完全同期保証は難しいが、同期ずれ許容域と前処理ログ要件を公開データで定量化できる。 本RQでは『BIDS拡張で同期・QC・刺激ログをどこまで必須化するか。』を直接主張ではなく、再現可能な検証単位へ分解して判定する。,マルチモーダル整合のRQ『BIDS拡張で同期・QC・刺激ログをどこまで必須化するか。』を、EEG公開データで検証可能な前段課題へ分解して評価する。,research_grant,研究助成,研究助成（神経科学・AI・計測系）,multimodal; 測定基盤; ERP/P300,multimodal:868; 測定基盤:684; ERP/P300:2084,"A simultaneous EEG-fNIRS dataset of the visual cognitive motivation study in healthy adults / AvoinopenOpen2023-05-30 This archive holds the original data used to derive the results reported in the publication: 'Distinct frequencies balance segregation with interaction between different memory types within a prefrontal circuit' Authors: Martina Bracco, Tuomas P. Mutanen, Domenica Veniero, Gregor Thut & Edwin M. Robertson Corresponding Author: Edwin M. Robertson Contact: edwin.robertson@glasgow.ac.uk Please refer to the License for the correct use of the data. If the use of this data leads to any public dissemination, including (but not restricted to) scientific articles, conference presentations, and posters, please remember to cite the original article. General Description The dataset is shared in BIDS format. To facilitate the upload of files to Zenodo, each subject folder was compressed separately. To ensure a valid bids structure of the dataset, extract the contents of each zip file and place them in the same directory as the other files from the dataset. By doing so, you will have all the necessary files in the correct structure for the BIDS format. Data type: raw TMS-EEG data organized in BIDS format, and epoched ±800 ms around the pulse. preprocessed motor skill and word recall data organized in BIDS format (.tsv = data file; .json = data description). Key to Filenames: sub = Participant ses-preLearning = Session 1 data folder ses-postLearnng = Session 2 data folder eeg = TMS-EEG data folder beh = behaviral data folder Participants: 45 healthy participants (30 females, 23.9±3.6 years; mean ± std) Groups: Participants were randomly assigned to three different groups with different behavioural conditions: - In the 'motorSkill'-group, participants performed a sequential motor-skill task followed by a wordlist memory task. (sub-01 to sub-15) - In the 'wordRecall'-group, participants performed a wordlist memory followed by a sequential task motor-skill task. (sub-16 to sub-30) - In the 'control'-group, participants performed a random motor-skill task followed by a wordlist memory task. (sub-31 to sub-45) TMS-EEG data description Stimulation sites: Right dorsolateral prefrontal cortex (rDLPFC). Left primary motor cortex (lM1). Sessions: Session 1: TMS-EEG recordings before the behavioural tasks. Session 2: TMS-EEG recordings after the behavioural tasks. Number of TMS pulses: 126 pulses delivered to either DLPFC or M1 before, before and after behavioural tasks (a total of 252 pulses for Session 1 and Session 2, each). Inter-Stimulus Interval: 4-6 s (4.9±0.6 s, mean ± std). TMS intensity: 80% of participants' individual motor threshold. TMS machine: Magstim Rapid2, Magstim Company. Coil: figure-of-eight coil (Double 70-mm Alpha Coil). Number of channels: 62-channel EEG channels (AFz and TP9 are used as reference and ground, respectively) + 1 FDI EMG channel + 1 electrode on the outer canthus of the left eye to monitor eye movements. Sampling rate: 5000 Hz. Voltage resolution: 0.1 uV. EEG system: TMS-EEG compatible BrainAmp (Brain Products). Noise masking during TMS-EEG recordings: Yes. Memory tasks data description Motor skill task 'motorSkill'-group (sub-01 to sub-15): TestSerial; averaged response time of the last 50 serial trials immediately after learning. TestRandom; averaged response time for the 50 subsequent random trials immediately after learning. RetestSerial; averaged response time for the last 50 serial trials 10h after learning. RetestRandom; averaged response time for the 50 subsequent random trials 10h after learning. 'wordRecall'-group (sub-16 to sub-30): TestSerial; averaged response time for the last 50 serial trials immediately after learning. TestRandom; averaged response time for the 50 subsequent random trials immediately after learning. 'control'-group (sub-31 to sub-45): TestRandom; averaged response time of the last 100 random trials at testing. RetestRandom; averaged response time of the last 100 random trials 10h after the tasks. Word recall task 'motorSkill'-group (sub-01 to sub-15): Test; number of words recalled immediately after learning. 'wordRecall'-group (sub-16 to sub-30): Test; number of words recalled immediately after learning. Retest; number of words recalled 10h after learning. 'control'-group (sub-31 to sub-45): Test; number of words recalled immediately after learning.Creative Commons Nimeä 4.0 Kansainvälinen (CC BY 4.0)CC-BY-4.0Creative Commons Attribution 4.0 International (CC BY 4.0)urn:nbn:fi:att:data-catalog-acrisACRIS katalogi9ACRIS catalogmetaxtrue2023-06-02T00:00:00NeurotieteetNeurovetenskaper3112Neuroscienceshttps://etsin.fairdata.fi/dataset/5a14d7a9-8f31-4bd0-9fad-14061c8e0097https://tiedejatutkimus.fi/fi/results/dataset/5a14d7a9-8f31-4bd0-9fad-14061c8e0097https://forskning.fi/sv/results/dataset/5a14d7a9-8f31-4bd0-9fad-14061c8e0097https://research.fi/en/results/dataset/5a14d7a9-8f31-4bd0-9fad-14061c8e00975a14d7a9-8f31-4bd0-9fad-14061c8e0097Distinct frequencies balance segregation with interaction between different memory types within a prefront / Drivers Drowsiness Database: A collection of physiological signals during the use of a driving simulator (DD-Database) / 3M-CPSEED：An EEG-based Dataset for Chinese Pinyin Production in Overt, Silent-intended, and Imagined Speech",同期誤差(ms); 再解析一致率; 欠損耐性,multimodal_alignment_spec_v1,モダリティ間時刻系の不整合,https://bids-specification.readthedocs.io/en/stable/,https://doi.org/10.3389/fnrgo.2024.1411305,https://doi.org/10.1162/imag.a.136
U7-RQ2,U7,マルチモーダル整合,2,LSL等の時刻同期誤差を検証可能な指標に落とせるか。,△,完全同期保証は難しいが、同期ずれ許容域と前処理ログ要件を公開データで定量化できる。 本RQでは『LSL等の時刻同期誤差を検証可能な指標に落とせるか。』を直接主張ではなく、再現可能な検証単位へ分解して判定する。,マルチモーダル整合のRQ『LSL等の時刻同期誤差を検証可能な指標に落とせるか。』を、EEG公開データで検証可能な前段課題へ分解して評価する。,research_grant,研究助成,研究助成（神経科学・AI・計測系）,multimodal; 測定基盤; ERP/P300,multimodal:868; 測定基盤:684; ERP/P300:2084,"A simultaneous EEG-fNIRS dataset of the visual cognitive motivation study in healthy adults / AvoinopenOpen2023-05-30 This archive holds the original data used to derive the results reported in the publication: 'Distinct frequencies balance segregation with interaction between different memory types within a prefrontal circuit' Authors: Martina Bracco, Tuomas P. Mutanen, Domenica Veniero, Gregor Thut & Edwin M. Robertson Corresponding Author: Edwin M. Robertson Contact: edwin.robertson@glasgow.ac.uk Please refer to the License for the correct use of the data. If the use of this data leads to any public dissemination, including (but not restricted to) scientific articles, conference presentations, and posters, please remember to cite the original article. General Description The dataset is shared in BIDS format. To facilitate the upload of files to Zenodo, each subject folder was compressed separately. To ensure a valid bids structure of the dataset, extract the contents of each zip file and place them in the same directory as the other files from the dataset. By doing so, you will have all the necessary files in the correct structure for the BIDS format. Data type: raw TMS-EEG data organized in BIDS format, and epoched ±800 ms around the pulse. preprocessed motor skill and word recall data organized in BIDS format (.tsv = data file; .json = data description). Key to Filenames: sub = Participant ses-preLearning = Session 1 data folder ses-postLearnng = Session 2 data folder eeg = TMS-EEG data folder beh = behaviral data folder Participants: 45 healthy participants (30 females, 23.9±3.6 years; mean ± std) Groups: Participants were randomly assigned to three different groups with different behavioural conditions: - In the 'motorSkill'-group, participants performed a sequential motor-skill task followed by a wordlist memory task. (sub-01 to sub-15) - In the 'wordRecall'-group, participants performed a wordlist memory followed by a sequential task motor-skill task. (sub-16 to sub-30) - In the 'control'-group, participants performed a random motor-skill task followed by a wordlist memory task. (sub-31 to sub-45) TMS-EEG data description Stimulation sites: Right dorsolateral prefrontal cortex (rDLPFC). Left primary motor cortex (lM1). Sessions: Session 1: TMS-EEG recordings before the behavioural tasks. Session 2: TMS-EEG recordings after the behavioural tasks. Number of TMS pulses: 126 pulses delivered to either DLPFC or M1 before, before and after behavioural tasks (a total of 252 pulses for Session 1 and Session 2, each). Inter-Stimulus Interval: 4-6 s (4.9±0.6 s, mean ± std). TMS intensity: 80% of participants' individual motor threshold. TMS machine: Magstim Rapid2, Magstim Company. Coil: figure-of-eight coil (Double 70-mm Alpha Coil). Number of channels: 62-channel EEG channels (AFz and TP9 are used as reference and ground, respectively) + 1 FDI EMG channel + 1 electrode on the outer canthus of the left eye to monitor eye movements. Sampling rate: 5000 Hz. Voltage resolution: 0.1 uV. EEG system: TMS-EEG compatible BrainAmp (Brain Products). Noise masking during TMS-EEG recordings: Yes. Memory tasks data description Motor skill task 'motorSkill'-group (sub-01 to sub-15): TestSerial; averaged response time of the last 50 serial trials immediately after learning. TestRandom; averaged response time for the 50 subsequent random trials immediately after learning. RetestSerial; averaged response time for the last 50 serial trials 10h after learning. RetestRandom; averaged response time for the 50 subsequent random trials 10h after learning. 'wordRecall'-group (sub-16 to sub-30): TestSerial; averaged response time for the last 50 serial trials immediately after learning. TestRandom; averaged response time for the 50 subsequent random trials immediately after learning. 'control'-group (sub-31 to sub-45): TestRandom; averaged response time of the last 100 random trials at testing. RetestRandom; averaged response time of the last 100 random trials 10h after the tasks. Word recall task 'motorSkill'-group (sub-01 to sub-15): Test; number of words recalled immediately after learning. 'wordRecall'-group (sub-16 to sub-30): Test; number of words recalled immediately after learning. Retest; number of words recalled 10h after learning. 'control'-group (sub-31 to sub-45): Test; number of words recalled immediately after learning.Creative Commons Nimeä 4.0 Kansainvälinen (CC BY 4.0)CC-BY-4.0Creative Commons Attribution 4.0 International (CC BY 4.0)urn:nbn:fi:att:data-catalog-acrisACRIS katalogi9ACRIS catalogmetaxtrue2023-06-02T00:00:00NeurotieteetNeurovetenskaper3112Neuroscienceshttps://etsin.fairdata.fi/dataset/5a14d7a9-8f31-4bd0-9fad-14061c8e0097https://tiedejatutkimus.fi/fi/results/dataset/5a14d7a9-8f31-4bd0-9fad-14061c8e0097https://forskning.fi/sv/results/dataset/5a14d7a9-8f31-4bd0-9fad-14061c8e0097https://research.fi/en/results/dataset/5a14d7a9-8f31-4bd0-9fad-14061c8e00975a14d7a9-8f31-4bd0-9fad-14061c8e0097Distinct frequencies balance segregation with interaction between different memory types within a prefront / Drivers Drowsiness Database: A collection of physiological signals during the use of a driving simulator (DD-Database) / 3M-CPSEED：An EEG-based Dataset for Chinese Pinyin Production in Overt, Silent-intended, and Imagined Speech",同期誤差(ms); 再解析一致率; 欠損耐性,multimodal_alignment_spec_v1,モダリティ間時刻系の不整合,https://bids-specification.readthedocs.io/en/stable/,https://doi.org/10.3389/fnrgo.2024.1411305,https://doi.org/10.1162/imag.a.136
U7-RQ3,U7,マルチモーダル整合,3,"アーチファクト除去（ASR, ZapLine等）の設定差が結果へ与える影響をどう監査するか。",△,"完全同期保証は難しいが、同期ずれ許容域と前処理ログ要件を公開データで定量化できる。 本RQでは『アーチファクト除去（ASR, ZapLine等）の設定差が結果へ与える影響をどう監査するか。』を直接主張ではなく、再現可能な検証単位へ分解して判定する。","マルチモーダル整合のRQ『アーチファクト除去（ASR, ZapLine等）の設定差が結果へ与える影響をどう監査するか。』を、EEG公開データで検証可能な前段課題へ分解して評価する。",research_grant,研究助成,研究助成（神経科学・AI・計測系）,multimodal; 測定基盤; ERP/P300,multimodal:868; 測定基盤:684; ERP/P300:2084,"A simultaneous EEG-fNIRS dataset of the visual cognitive motivation study in healthy adults / AvoinopenOpen2023-05-30 This archive holds the original data used to derive the results reported in the publication: 'Distinct frequencies balance segregation with interaction between different memory types within a prefrontal circuit' Authors: Martina Bracco, Tuomas P. Mutanen, Domenica Veniero, Gregor Thut & Edwin M. Robertson Corresponding Author: Edwin M. Robertson Contact: edwin.robertson@glasgow.ac.uk Please refer to the License for the correct use of the data. If the use of this data leads to any public dissemination, including (but not restricted to) scientific articles, conference presentations, and posters, please remember to cite the original article. General Description The dataset is shared in BIDS format. To facilitate the upload of files to Zenodo, each subject folder was compressed separately. To ensure a valid bids structure of the dataset, extract the contents of each zip file and place them in the same directory as the other files from the dataset. By doing so, you will have all the necessary files in the correct structure for the BIDS format. Data type: raw TMS-EEG data organized in BIDS format, and epoched ±800 ms around the pulse. preprocessed motor skill and word recall data organized in BIDS format (.tsv = data file; .json = data description). Key to Filenames: sub = Participant ses-preLearning = Session 1 data folder ses-postLearnng = Session 2 data folder eeg = TMS-EEG data folder beh = behaviral data folder Participants: 45 healthy participants (30 females, 23.9±3.6 years; mean ± std) Groups: Participants were randomly assigned to three different groups with different behavioural conditions: - In the 'motorSkill'-group, participants performed a sequential motor-skill task followed by a wordlist memory task. (sub-01 to sub-15) - In the 'wordRecall'-group, participants performed a wordlist memory followed by a sequential task motor-skill task. (sub-16 to sub-30) - In the 'control'-group, participants performed a random motor-skill task followed by a wordlist memory task. (sub-31 to sub-45) TMS-EEG data description Stimulation sites: Right dorsolateral prefrontal cortex (rDLPFC). Left primary motor cortex (lM1). Sessions: Session 1: TMS-EEG recordings before the behavioural tasks. Session 2: TMS-EEG recordings after the behavioural tasks. Number of TMS pulses: 126 pulses delivered to either DLPFC or M1 before, before and after behavioural tasks (a total of 252 pulses for Session 1 and Session 2, each). Inter-Stimulus Interval: 4-6 s (4.9±0.6 s, mean ± std). TMS intensity: 80% of participants' individual motor threshold. TMS machine: Magstim Rapid2, Magstim Company. Coil: figure-of-eight coil (Double 70-mm Alpha Coil). Number of channels: 62-channel EEG channels (AFz and TP9 are used as reference and ground, respectively) + 1 FDI EMG channel + 1 electrode on the outer canthus of the left eye to monitor eye movements. Sampling rate: 5000 Hz. Voltage resolution: 0.1 uV. EEG system: TMS-EEG compatible BrainAmp (Brain Products). Noise masking during TMS-EEG recordings: Yes. Memory tasks data description Motor skill task 'motorSkill'-group (sub-01 to sub-15): TestSerial; averaged response time of the last 50 serial trials immediately after learning. TestRandom; averaged response time for the 50 subsequent random trials immediately after learning. RetestSerial; averaged response time for the last 50 serial trials 10h after learning. RetestRandom; averaged response time for the 50 subsequent random trials 10h after learning. 'wordRecall'-group (sub-16 to sub-30): TestSerial; averaged response time for the last 50 serial trials immediately after learning. TestRandom; averaged response time for the 50 subsequent random trials immediately after learning. 'control'-group (sub-31 to sub-45): TestRandom; averaged response time of the last 100 random trials at testing. RetestRandom; averaged response time of the last 100 random trials 10h after the tasks. Word recall task 'motorSkill'-group (sub-01 to sub-15): Test; number of words recalled immediately after learning. 'wordRecall'-group (sub-16 to sub-30): Test; number of words recalled immediately after learning. Retest; number of words recalled 10h after learning. 'control'-group (sub-31 to sub-45): Test; number of words recalled immediately after learning.Creative Commons Nimeä 4.0 Kansainvälinen (CC BY 4.0)CC-BY-4.0Creative Commons Attribution 4.0 International (CC BY 4.0)urn:nbn:fi:att:data-catalog-acrisACRIS katalogi9ACRIS catalogmetaxtrue2023-06-02T00:00:00NeurotieteetNeurovetenskaper3112Neuroscienceshttps://etsin.fairdata.fi/dataset/5a14d7a9-8f31-4bd0-9fad-14061c8e0097https://tiedejatutkimus.fi/fi/results/dataset/5a14d7a9-8f31-4bd0-9fad-14061c8e0097https://forskning.fi/sv/results/dataset/5a14d7a9-8f31-4bd0-9fad-14061c8e0097https://research.fi/en/results/dataset/5a14d7a9-8f31-4bd0-9fad-14061c8e00975a14d7a9-8f31-4bd0-9fad-14061c8e0097Distinct frequencies balance segregation with interaction between different memory types within a prefront / Drivers Drowsiness Database: A collection of physiological signals during the use of a driving simulator (DD-Database) / 3M-CPSEED：An EEG-based Dataset for Chinese Pinyin Production in Overt, Silent-intended, and Imagined Speech",同期誤差(ms); 再解析一致率; 欠損耐性,multimodal_alignment_spec_v1,モダリティ間時刻系の不整合,https://bids-specification.readthedocs.io/en/stable/,https://doi.org/10.3389/fnrgo.2024.1411305,https://doi.org/10.1162/imag.a.136
U7-RQ4,U7,マルチモーダル整合,4,モダリティ間アライメント失敗時の再計測/除外基準をどう固定するか。,△,完全同期保証は難しいが、同期ずれ許容域と前処理ログ要件を公開データで定量化できる。 本RQでは『モダリティ間アライメント失敗時の再計測/除外基準をどう固定するか。』を直接主張ではなく、再現可能な検証単位へ分解して判定する。,マルチモーダル整合のRQ『モダリティ間アライメント失敗時の再計測/除外基準をどう固定するか。』を、EEG公開データで検証可能な前段課題へ分解して評価する。,research_grant,研究助成,研究助成（神経科学・AI・計測系）,multimodal; 測定基盤; ERP/P300,multimodal:868; 測定基盤:684; ERP/P300:2084,"A simultaneous EEG-fNIRS dataset of the visual cognitive motivation study in healthy adults / AvoinopenOpen2023-05-30 This archive holds the original data used to derive the results reported in the publication: 'Distinct frequencies balance segregation with interaction between different memory types within a prefrontal circuit' Authors: Martina Bracco, Tuomas P. Mutanen, Domenica Veniero, Gregor Thut & Edwin M. Robertson Corresponding Author: Edwin M. Robertson Contact: edwin.robertson@glasgow.ac.uk Please refer to the License for the correct use of the data. If the use of this data leads to any public dissemination, including (but not restricted to) scientific articles, conference presentations, and posters, please remember to cite the original article. General Description The dataset is shared in BIDS format. To facilitate the upload of files to Zenodo, each subject folder was compressed separately. To ensure a valid bids structure of the dataset, extract the contents of each zip file and place them in the same directory as the other files from the dataset. By doing so, you will have all the necessary files in the correct structure for the BIDS format. Data type: raw TMS-EEG data organized in BIDS format, and epoched ±800 ms around the pulse. preprocessed motor skill and word recall data organized in BIDS format (.tsv = data file; .json = data description). Key to Filenames: sub = Participant ses-preLearning = Session 1 data folder ses-postLearnng = Session 2 data folder eeg = TMS-EEG data folder beh = behaviral data folder Participants: 45 healthy participants (30 females, 23.9±3.6 years; mean ± std) Groups: Participants were randomly assigned to three different groups with different behavioural conditions: - In the 'motorSkill'-group, participants performed a sequential motor-skill task followed by a wordlist memory task. (sub-01 to sub-15) - In the 'wordRecall'-group, participants performed a wordlist memory followed by a sequential task motor-skill task. (sub-16 to sub-30) - In the 'control'-group, participants performed a random motor-skill task followed by a wordlist memory task. (sub-31 to sub-45) TMS-EEG data description Stimulation sites: Right dorsolateral prefrontal cortex (rDLPFC). Left primary motor cortex (lM1). Sessions: Session 1: TMS-EEG recordings before the behavioural tasks. Session 2: TMS-EEG recordings after the behavioural tasks. Number of TMS pulses: 126 pulses delivered to either DLPFC or M1 before, before and after behavioural tasks (a total of 252 pulses for Session 1 and Session 2, each). Inter-Stimulus Interval: 4-6 s (4.9±0.6 s, mean ± std). TMS intensity: 80% of participants' individual motor threshold. TMS machine: Magstim Rapid2, Magstim Company. Coil: figure-of-eight coil (Double 70-mm Alpha Coil). Number of channels: 62-channel EEG channels (AFz and TP9 are used as reference and ground, respectively) + 1 FDI EMG channel + 1 electrode on the outer canthus of the left eye to monitor eye movements. Sampling rate: 5000 Hz. Voltage resolution: 0.1 uV. EEG system: TMS-EEG compatible BrainAmp (Brain Products). Noise masking during TMS-EEG recordings: Yes. Memory tasks data description Motor skill task 'motorSkill'-group (sub-01 to sub-15): TestSerial; averaged response time of the last 50 serial trials immediately after learning. TestRandom; averaged response time for the 50 subsequent random trials immediately after learning. RetestSerial; averaged response time for the last 50 serial trials 10h after learning. RetestRandom; averaged response time for the 50 subsequent random trials 10h after learning. 'wordRecall'-group (sub-16 to sub-30): TestSerial; averaged response time for the last 50 serial trials immediately after learning. TestRandom; averaged response time for the 50 subsequent random trials immediately after learning. 'control'-group (sub-31 to sub-45): TestRandom; averaged response time of the last 100 random trials at testing. RetestRandom; averaged response time of the last 100 random trials 10h after the tasks. Word recall task 'motorSkill'-group (sub-01 to sub-15): Test; number of words recalled immediately after learning. 'wordRecall'-group (sub-16 to sub-30): Test; number of words recalled immediately after learning. Retest; number of words recalled 10h after learning. 'control'-group (sub-31 to sub-45): Test; number of words recalled immediately after learning.Creative Commons Nimeä 4.0 Kansainvälinen (CC BY 4.0)CC-BY-4.0Creative Commons Attribution 4.0 International (CC BY 4.0)urn:nbn:fi:att:data-catalog-acrisACRIS katalogi9ACRIS catalogmetaxtrue2023-06-02T00:00:00NeurotieteetNeurovetenskaper3112Neuroscienceshttps://etsin.fairdata.fi/dataset/5a14d7a9-8f31-4bd0-9fad-14061c8e0097https://tiedejatutkimus.fi/fi/results/dataset/5a14d7a9-8f31-4bd0-9fad-14061c8e0097https://forskning.fi/sv/results/dataset/5a14d7a9-8f31-4bd0-9fad-14061c8e0097https://research.fi/en/results/dataset/5a14d7a9-8f31-4bd0-9fad-14061c8e00975a14d7a9-8f31-4bd0-9fad-14061c8e0097Distinct frequencies balance segregation with interaction between different memory types within a prefront / Drivers Drowsiness Database: A collection of physiological signals during the use of a driving simulator (DD-Database) / 3M-CPSEED：An EEG-based Dataset for Chinese Pinyin Production in Overt, Silent-intended, and Imagined Speech",同期誤差(ms); 再解析一致率; 欠損耐性,multimodal_alignment_spec_v1,モダリティ間時刻系の不整合,https://bids-specification.readthedocs.io/en/stable/,https://doi.org/10.3389/fnrgo.2024.1411305,https://doi.org/10.1162/imag.a.136
U7-RQ5,U7,マルチモーダル整合,5,前処理差分をCIで自動比較する場合、どの再現率低下をリリースブロック閾値にするか。,△,完全同期保証は難しいが、同期ずれ許容域と前処理ログ要件を公開データで定量化できる。 本RQでは『前処理差分をCIで自動比較する場合、どの再現率低下をリリースブロック閾値にするか。』を直接主張ではなく、再現可能な検証単位へ分解して判定する。,マルチモーダル整合のRQ『前処理差分をCIで自動比較する場合、どの再現率低下をリリースブロック閾値にするか。』を、EEG公開データで検証可能な前段課題へ分解して評価する。,research_grant,研究助成,研究助成（神経科学・AI・計測系）,multimodal; 測定基盤; ERP/P300,multimodal:868; 測定基盤:684; ERP/P300:2084,"A simultaneous EEG-fNIRS dataset of the visual cognitive motivation study in healthy adults / AvoinopenOpen2023-05-30 This archive holds the original data used to derive the results reported in the publication: 'Distinct frequencies balance segregation with interaction between different memory types within a prefrontal circuit' Authors: Martina Bracco, Tuomas P. Mutanen, Domenica Veniero, Gregor Thut & Edwin M. Robertson Corresponding Author: Edwin M. Robertson Contact: edwin.robertson@glasgow.ac.uk Please refer to the License for the correct use of the data. If the use of this data leads to any public dissemination, including (but not restricted to) scientific articles, conference presentations, and posters, please remember to cite the original article. General Description The dataset is shared in BIDS format. To facilitate the upload of files to Zenodo, each subject folder was compressed separately. To ensure a valid bids structure of the dataset, extract the contents of each zip file and place them in the same directory as the other files from the dataset. By doing so, you will have all the necessary files in the correct structure for the BIDS format. Data type: raw TMS-EEG data organized in BIDS format, and epoched ±800 ms around the pulse. preprocessed motor skill and word recall data organized in BIDS format (.tsv = data file; .json = data description). Key to Filenames: sub = Participant ses-preLearning = Session 1 data folder ses-postLearnng = Session 2 data folder eeg = TMS-EEG data folder beh = behaviral data folder Participants: 45 healthy participants (30 females, 23.9±3.6 years; mean ± std) Groups: Participants were randomly assigned to three different groups with different behavioural conditions: - In the 'motorSkill'-group, participants performed a sequential motor-skill task followed by a wordlist memory task. (sub-01 to sub-15) - In the 'wordRecall'-group, participants performed a wordlist memory followed by a sequential task motor-skill task. (sub-16 to sub-30) - In the 'control'-group, participants performed a random motor-skill task followed by a wordlist memory task. (sub-31 to sub-45) TMS-EEG data description Stimulation sites: Right dorsolateral prefrontal cortex (rDLPFC). Left primary motor cortex (lM1). Sessions: Session 1: TMS-EEG recordings before the behavioural tasks. Session 2: TMS-EEG recordings after the behavioural tasks. Number of TMS pulses: 126 pulses delivered to either DLPFC or M1 before, before and after behavioural tasks (a total of 252 pulses for Session 1 and Session 2, each). Inter-Stimulus Interval: 4-6 s (4.9±0.6 s, mean ± std). TMS intensity: 80% of participants' individual motor threshold. TMS machine: Magstim Rapid2, Magstim Company. Coil: figure-of-eight coil (Double 70-mm Alpha Coil). Number of channels: 62-channel EEG channels (AFz and TP9 are used as reference and ground, respectively) + 1 FDI EMG channel + 1 electrode on the outer canthus of the left eye to monitor eye movements. Sampling rate: 5000 Hz. Voltage resolution: 0.1 uV. EEG system: TMS-EEG compatible BrainAmp (Brain Products). Noise masking during TMS-EEG recordings: Yes. Memory tasks data description Motor skill task 'motorSkill'-group (sub-01 to sub-15): TestSerial; averaged response time of the last 50 serial trials immediately after learning. TestRandom; averaged response time for the 50 subsequent random trials immediately after learning. RetestSerial; averaged response time for the last 50 serial trials 10h after learning. RetestRandom; averaged response time for the 50 subsequent random trials 10h after learning. 'wordRecall'-group (sub-16 to sub-30): TestSerial; averaged response time for the last 50 serial trials immediately after learning. TestRandom; averaged response time for the 50 subsequent random trials immediately after learning. 'control'-group (sub-31 to sub-45): TestRandom; averaged response time of the last 100 random trials at testing. RetestRandom; averaged response time of the last 100 random trials 10h after the tasks. Word recall task 'motorSkill'-group (sub-01 to sub-15): Test; number of words recalled immediately after learning. 'wordRecall'-group (sub-16 to sub-30): Test; number of words recalled immediately after learning. Retest; number of words recalled 10h after learning. 'control'-group (sub-31 to sub-45): Test; number of words recalled immediately after learning.Creative Commons Nimeä 4.0 Kansainvälinen (CC BY 4.0)CC-BY-4.0Creative Commons Attribution 4.0 International (CC BY 4.0)urn:nbn:fi:att:data-catalog-acrisACRIS katalogi9ACRIS catalogmetaxtrue2023-06-02T00:00:00NeurotieteetNeurovetenskaper3112Neuroscienceshttps://etsin.fairdata.fi/dataset/5a14d7a9-8f31-4bd0-9fad-14061c8e0097https://tiedejatutkimus.fi/fi/results/dataset/5a14d7a9-8f31-4bd0-9fad-14061c8e0097https://forskning.fi/sv/results/dataset/5a14d7a9-8f31-4bd0-9fad-14061c8e0097https://research.fi/en/results/dataset/5a14d7a9-8f31-4bd0-9fad-14061c8e00975a14d7a9-8f31-4bd0-9fad-14061c8e0097Distinct frequencies balance segregation with interaction between different memory types within a prefront / Drivers Drowsiness Database: A collection of physiological signals during the use of a driving simulator (DD-Database) / 3M-CPSEED：An EEG-based Dataset for Chinese Pinyin Production in Overt, Silent-intended, and Imagined Speech",同期誤差(ms); 再解析一致率; 欠損耐性,multimodal_alignment_spec_v1,モダリティ間時刻系の不整合,https://bids-specification.readthedocs.io/en/stable/,https://doi.org/10.3389/fnrgo.2024.1411305,https://doi.org/10.1162/imag.a.136
U7-RQ6,U7,マルチモーダル整合,6,モダリティ欠損（EEG欠損・fMRI欠損）条件でも同等結論を保てる最小観測セットは何か。,△,完全同期保証は難しいが、同期ずれ許容域と前処理ログ要件を公開データで定量化できる。 本RQでは『モダリティ欠損（EEG欠損・fMRI欠損）条件でも同等結論を保てる最小観測セットは何か。』を直接主張ではなく、再現可能な検証単位へ分解して判定する。,マルチモーダル整合のRQ『モダリティ欠損（EEG欠損・fMRI欠損）条件でも同等結論を保てる最小観測セットは何か。』を、EEG公開データで検証可能な前段課題へ分解して評価する。,research_grant,研究助成,研究助成（神経科学・AI・計測系）,multimodal; 測定基盤; ERP/P300,multimodal:868; 測定基盤:684; ERP/P300:2084,"A simultaneous EEG-fNIRS dataset of the visual cognitive motivation study in healthy adults / AvoinopenOpen2023-05-30 This archive holds the original data used to derive the results reported in the publication: 'Distinct frequencies balance segregation with interaction between different memory types within a prefrontal circuit' Authors: Martina Bracco, Tuomas P. Mutanen, Domenica Veniero, Gregor Thut & Edwin M. Robertson Corresponding Author: Edwin M. Robertson Contact: edwin.robertson@glasgow.ac.uk Please refer to the License for the correct use of the data. If the use of this data leads to any public dissemination, including (but not restricted to) scientific articles, conference presentations, and posters, please remember to cite the original article. General Description The dataset is shared in BIDS format. To facilitate the upload of files to Zenodo, each subject folder was compressed separately. To ensure a valid bids structure of the dataset, extract the contents of each zip file and place them in the same directory as the other files from the dataset. By doing so, you will have all the necessary files in the correct structure for the BIDS format. Data type: raw TMS-EEG data organized in BIDS format, and epoched ±800 ms around the pulse. preprocessed motor skill and word recall data organized in BIDS format (.tsv = data file; .json = data description). Key to Filenames: sub = Participant ses-preLearning = Session 1 data folder ses-postLearnng = Session 2 data folder eeg = TMS-EEG data folder beh = behaviral data folder Participants: 45 healthy participants (30 females, 23.9±3.6 years; mean ± std) Groups: Participants were randomly assigned to three different groups with different behavioural conditions: - In the 'motorSkill'-group, participants performed a sequential motor-skill task followed by a wordlist memory task. (sub-01 to sub-15) - In the 'wordRecall'-group, participants performed a wordlist memory followed by a sequential task motor-skill task. (sub-16 to sub-30) - In the 'control'-group, participants performed a random motor-skill task followed by a wordlist memory task. (sub-31 to sub-45) TMS-EEG data description Stimulation sites: Right dorsolateral prefrontal cortex (rDLPFC). Left primary motor cortex (lM1). Sessions: Session 1: TMS-EEG recordings before the behavioural tasks. Session 2: TMS-EEG recordings after the behavioural tasks. Number of TMS pulses: 126 pulses delivered to either DLPFC or M1 before, before and after behavioural tasks (a total of 252 pulses for Session 1 and Session 2, each). Inter-Stimulus Interval: 4-6 s (4.9±0.6 s, mean ± std). TMS intensity: 80% of participants' individual motor threshold. TMS machine: Magstim Rapid2, Magstim Company. Coil: figure-of-eight coil (Double 70-mm Alpha Coil). Number of channels: 62-channel EEG channels (AFz and TP9 are used as reference and ground, respectively) + 1 FDI EMG channel + 1 electrode on the outer canthus of the left eye to monitor eye movements. Sampling rate: 5000 Hz. Voltage resolution: 0.1 uV. EEG system: TMS-EEG compatible BrainAmp (Brain Products). Noise masking during TMS-EEG recordings: Yes. Memory tasks data description Motor skill task 'motorSkill'-group (sub-01 to sub-15): TestSerial; averaged response time of the last 50 serial trials immediately after learning. TestRandom; averaged response time for the 50 subsequent random trials immediately after learning. RetestSerial; averaged response time for the last 50 serial trials 10h after learning. RetestRandom; averaged response time for the 50 subsequent random trials 10h after learning. 'wordRecall'-group (sub-16 to sub-30): TestSerial; averaged response time for the last 50 serial trials immediately after learning. TestRandom; averaged response time for the 50 subsequent random trials immediately after learning. 'control'-group (sub-31 to sub-45): TestRandom; averaged response time of the last 100 random trials at testing. RetestRandom; averaged response time of the last 100 random trials 10h after the tasks. Word recall task 'motorSkill'-group (sub-01 to sub-15): Test; number of words recalled immediately after learning. 'wordRecall'-group (sub-16 to sub-30): Test; number of words recalled immediately after learning. Retest; number of words recalled 10h after learning. 'control'-group (sub-31 to sub-45): Test; number of words recalled immediately after learning.Creative Commons Nimeä 4.0 Kansainvälinen (CC BY 4.0)CC-BY-4.0Creative Commons Attribution 4.0 International (CC BY 4.0)urn:nbn:fi:att:data-catalog-acrisACRIS katalogi9ACRIS catalogmetaxtrue2023-06-02T00:00:00NeurotieteetNeurovetenskaper3112Neuroscienceshttps://etsin.fairdata.fi/dataset/5a14d7a9-8f31-4bd0-9fad-14061c8e0097https://tiedejatutkimus.fi/fi/results/dataset/5a14d7a9-8f31-4bd0-9fad-14061c8e0097https://forskning.fi/sv/results/dataset/5a14d7a9-8f31-4bd0-9fad-14061c8e0097https://research.fi/en/results/dataset/5a14d7a9-8f31-4bd0-9fad-14061c8e00975a14d7a9-8f31-4bd0-9fad-14061c8e0097Distinct frequencies balance segregation with interaction between different memory types within a prefront / Drivers Drowsiness Database: A collection of physiological signals during the use of a driving simulator (DD-Database) / 3M-CPSEED：An EEG-based Dataset for Chinese Pinyin Production in Overt, Silent-intended, and Imagined Speech",同期誤差(ms); 再解析一致率; 欠損耐性,multimodal_alignment_spec_v1,モダリティ間時刻系の不整合,https://bids-specification.readthedocs.io/en/stable/,https://doi.org/10.3389/fnrgo.2024.1411305,https://doi.org/10.1162/imag.a.136
U8-RQ1,U8,閉ループ安定性,1,閉ループBCIの遅延許容域を制御理論的にどう同定するか。,○,replay評価を使えば遅延・ジッタ・ドリフト下の安定性評価を公開EEGで高解像度に検証できる。 本RQでは『閉ループBCIの遅延許容域を制御理論的にどう同定するか。』を直接主張ではなく、再現可能な検証単位へ分解して判定する。,閉ループ安定性のRQ『閉ループBCIの遅延許容域を制御理論的にどう同定するか。』を、EEG公開データで検証可能な前段課題へ分解して評価する。,research_grant,研究助成,研究助成（神経科学・AI・計測系）,運動意図; SSVEP; 睡眠/意識状態,運動意図:2431; SSVEP:215; 睡眠/意識状態:1514,"40tar_data / A large database of motor imagery EEG signals and users' demographic, personality and cognitive profile information for Brain-Computer Interface research / A large EEG database with users' profile information for motor imagery Brain-Computer Interface research / A Multi-Session EEG Dataset of Longitudinal Motor Imagery BCI Training with Transcutaneous Spinal Stimulation in Able-Bodied and Spinal Cord Injury Participants",閉ループ遅延; 安全制約違反率; 連続稼働時間,closed_loop_stability_benchmark_v1,オフライン再生と実時間差の乖離,https://doi.org/10.1038/s41591-024-03196-z,https://doi.org/10.1038/s41531-025-01124-7,https://doi.org/10.1093/brain/awad429
U8-RQ2,U8,閉ループ安定性,2,オンライン較正と概念ドリフト対策をどう組み込むか。,○,replay評価を使えば遅延・ジッタ・ドリフト下の安定性評価を公開EEGで高解像度に検証できる。 本RQでは『オンライン較正と概念ドリフト対策をどう組み込むか。』を直接主張ではなく、再現可能な検証単位へ分解して判定する。,閉ループ安定性のRQ『オンライン較正と概念ドリフト対策をどう組み込むか。』を、EEG公開データで検証可能な前段課題へ分解して評価する。,research_grant,研究助成,研究助成（神経科学・AI・計測系）,運動意図; SSVEP; 睡眠/意識状態,運動意図:2431; SSVEP:215; 睡眠/意識状態:1514,"40tar_data / A large database of motor imagery EEG signals and users' demographic, personality and cognitive profile information for Brain-Computer Interface research / A large EEG database with users' profile information for motor imagery Brain-Computer Interface research / A Multi-Session EEG Dataset of Longitudinal Motor Imagery BCI Training with Transcutaneous Spinal Stimulation in Able-Bodied and Spinal Cord Injury Participants",閉ループ遅延; 安全制約違反率; 連続稼働時間,closed_loop_stability_benchmark_v1,オフライン再生と実時間差の乖離,https://doi.org/10.1038/s41591-024-03196-z,https://doi.org/10.1038/s41531-025-01124-7,https://doi.org/10.1093/brain/awad429
U8-RQ3,U8,閉ループ安定性,3,個体差と日内変動をまたぐ安定性をどの指標で評価するか。,○,replay評価を使えば遅延・ジッタ・ドリフト下の安定性評価を公開EEGで高解像度に検証できる。 本RQでは『個体差と日内変動をまたぐ安定性をどの指標で評価するか。』を直接主張ではなく、再現可能な検証単位へ分解して判定する。,閉ループ安定性のRQ『個体差と日内変動をまたぐ安定性をどの指標で評価するか。』を、EEG公開データで検証可能な前段課題へ分解して評価する。,research_grant,研究助成,研究助成（神経科学・AI・計測系）,運動意図; SSVEP; 睡眠/意識状態,運動意図:2431; SSVEP:215; 睡眠/意識状態:1514,"40tar_data / A large database of motor imagery EEG signals and users' demographic, personality and cognitive profile information for Brain-Computer Interface research / A large EEG database with users' profile information for motor imagery Brain-Computer Interface research / A Multi-Session EEG Dataset of Longitudinal Motor Imagery BCI Training with Transcutaneous Spinal Stimulation in Able-Bodied and Spinal Cord Injury Participants",閉ループ遅延; 安全制約違反率; 連続稼働時間,closed_loop_stability_benchmark_v1,オフライン再生と実時間差の乖離,https://doi.org/10.1038/s41591-024-03196-z,https://doi.org/10.1038/s41531-025-01124-7,https://doi.org/10.1093/brain/awad429
U8-RQ4,U8,閉ループ安定性,4,異常検知とフェイルセーフを評価契約へどう組み込むか。,○,replay評価を使えば遅延・ジッタ・ドリフト下の安定性評価を公開EEGで高解像度に検証できる。 本RQでは『異常検知とフェイルセーフを評価契約へどう組み込むか。』を直接主張ではなく、再現可能な検証単位へ分解して判定する。,閉ループ安定性のRQ『異常検知とフェイルセーフを評価契約へどう組み込むか。』を、EEG公開データで検証可能な前段課題へ分解して評価する。,research_grant,研究助成,研究助成（神経科学・AI・計測系）,運動意図; SSVEP; 睡眠/意識状態,運動意図:2431; SSVEP:215; 睡眠/意識状態:1514,"40tar_data / A large database of motor imagery EEG signals and users' demographic, personality and cognitive profile information for Brain-Computer Interface research / A large EEG database with users' profile information for motor imagery Brain-Computer Interface research / A Multi-Session EEG Dataset of Longitudinal Motor Imagery BCI Training with Transcutaneous Spinal Stimulation in Able-Bodied and Spinal Cord Injury Participants",閉ループ遅延; 安全制約違反率; 連続稼働時間,closed_loop_stability_benchmark_v1,オフライン再生と実時間差の乖離,https://doi.org/10.1038/s41591-024-03196-z,https://doi.org/10.1038/s41531-025-01124-7,https://doi.org/10.1093/brain/awad429
U8-RQ5,U8,閉ループ安定性,5,ヒューマンオーバーライドを導入したとき、誤作動率と回復時間をどうKPI化するか。,○,replay評価を使えば遅延・ジッタ・ドリフト下の安定性評価を公開EEGで高解像度に検証できる。 本RQでは『ヒューマンオーバーライドを導入したとき、誤作動率と回復時間をどうKPI化するか。』を直接主張ではなく、再現可能な検証単位へ分解して判定する。,閉ループ安定性のRQ『ヒューマンオーバーライドを導入したとき、誤作動率と回復時間をどうKPI化するか。』を、EEG公開データで検証可能な前段課題へ分解して評価する。,research_grant,研究助成,研究助成（神経科学・AI・計測系）,運動意図; SSVEP; 睡眠/意識状態,運動意図:2431; SSVEP:215; 睡眠/意識状態:1514,"40tar_data / A large database of motor imagery EEG signals and users' demographic, personality and cognitive profile information for Brain-Computer Interface research / A large EEG database with users' profile information for motor imagery Brain-Computer Interface research / A Multi-Session EEG Dataset of Longitudinal Motor Imagery BCI Training with Transcutaneous Spinal Stimulation in Able-Bodied and Spinal Cord Injury Participants",閉ループ遅延; 安全制約違反率; 連続稼働時間,closed_loop_stability_benchmark_v1,オフライン再生と実時間差の乖離,https://doi.org/10.1038/s41591-024-03196-z,https://doi.org/10.1038/s41531-025-01124-7,https://doi.org/10.1093/brain/awad429
U8-RQ6,U8,閉ループ安定性,6,週〜月スケール運用での再学習頻度を、性能劣化と安全余裕のトレードオフでどう最適化するか。,○,replay評価を使えば遅延・ジッタ・ドリフト下の安定性評価を公開EEGで高解像度に検証できる。 本RQでは『週〜月スケール運用での再学習頻度を、性能劣化と安全余裕のトレードオフでどう最適化するか。』を直接主張ではなく、再現可能な検証単位へ分解して判定する。,閉ループ安定性のRQ『週〜月スケール運用での再学習頻度を、性能劣化と安全余裕のトレードオフでどう最適化するか。』を、EEG公開データで検証可能な前段課題へ分解して評価する。,research_grant,研究助成,研究助成（神経科学・AI・計測系）,運動意図; SSVEP; 睡眠/意識状態,運動意図:2431; SSVEP:215; 睡眠/意識状態:1514,"40tar_data / A large database of motor imagery EEG signals and users' demographic, personality and cognitive profile information for Brain-Computer Interface research / A large EEG database with users' profile information for motor imagery Brain-Computer Interface research / A Multi-Session EEG Dataset of Longitudinal Motor Imagery BCI Training with Transcutaneous Spinal Stimulation in Able-Bodied and Spinal Cord Injury Participants",閉ループ遅延; 安全制約違反率; 連続稼働時間,closed_loop_stability_benchmark_v1,オフライン再生と実時間差の乖離,https://doi.org/10.1038/s41591-024-03196-z,https://doi.org/10.1038/s41531-025-01124-7,https://doi.org/10.1093/brain/awad429
U10-RQ1,U10,熱力学的一貫性,1,Landauer下限を神経計算でどう適用/解釈するか。,×,エネルギー下限の直接実証は困難なため、計算コスト・情報損失・性能劣化の関係式を前段で検証する。 本RQでは『Landauer下限を神経計算でどう適用/解釈するか。』を直接主張ではなく、再現可能な検証単位へ分解して判定する。,熱力学的一貫性のRQ『Landauer下限を神経計算でどう適用/解釈するか。』を、EEG公開データで検証可能な前段課題へ分解して評価する。,research_grant,研究助成,研究助成（神経科学・AI・計測系）,測定基盤; 記憶/注意; 睡眠/意識状態,測定基盤:684; 記憶/注意:1155; 睡眠/意識状態:1514,"3M-CPSEED：An EEG-based Dataset for Chinese Pinyin Production in Overt, Silent-intended, and Imagined Speech / A common neural mechanism underlies experiences of passage of time / A Resting-state EEG Dataset for Sleep Deprivation / AvoinopenOpen2023-05-30 This archive holds the original data used to derive the results reported in the publication: 'Distinct frequencies balance segregation with interaction between different memory types within a prefrontal circuit' Authors: Martina Bracco, Tuomas P. Mutanen, Domenica Veniero, Gregor Thut & Edwin M. Robertson Corresponding Author: Edwin M. Robertson Contact: edwin.robertson@glasgow.ac.uk Please refer to the License for the correct use of the data. If the use of this data leads to any public dissemination, including (but not restricted to) scientific articles, conference presentations, and posters, please remember to cite the original article. General Description The dataset is shared in BIDS format. To facilitate the upload of files to Zenodo, each subject folder was compressed separately. To ensure a valid bids structure of the dataset, extract the contents of each zip file and place them in the same directory as the other files from the dataset. By doing so, you will have all the necessary files in the correct structure for the BIDS format. Data type: raw TMS-EEG data organized in BIDS format, and epoched ±800 ms around the pulse. preprocessed motor skill and word recall data organized in BIDS format (.tsv = data file; .json = data description). Key to Filenames: sub = Participant ses-preLearning = Session 1 data folder ses-postLearnng = Session 2 data folder eeg = TMS-EEG data folder beh = behaviral data folder Participants: 45 healthy participants (30 females, 23.9±3.6 years; mean ± std) Groups: Participants were randomly assigned to three different groups with different behavioural conditions: - In the 'motorSkill'-group, participants performed a sequential motor-skill task followed by a wordlist memory task. (sub-01 to sub-15) - In the 'wordRecall'-group, participants performed a wordlist memory followed by a sequential task motor-skill task. (sub-16 to sub-30) - In the 'control'-group, participants performed a random motor-skill task followed by a wordlist memory task. (sub-31 to sub-45) TMS-EEG data description Stimulation sites: Right dorsolateral prefrontal cortex (rDLPFC). Left primary motor cortex (lM1). Sessions: Session 1: TMS-EEG recordings before the behavioural tasks. Session 2: TMS-EEG recordings after the behavioural tasks. Number of TMS pulses: 126 pulses delivered to either DLPFC or M1 before, before and after behavioural tasks (a total of 252 pulses for Session 1 and Session 2, each). Inter-Stimulus Interval: 4-6 s (4.9±0.6 s, mean ± std). TMS intensity: 80% of participants' individual motor threshold. TMS machine: Magstim Rapid2, Magstim Company. Coil: figure-of-eight coil (Double 70-mm Alpha Coil). Number of channels: 62-channel EEG channels (AFz and TP9 are used as reference and ground, respectively) + 1 FDI EMG channel + 1 electrode on the outer canthus of the left eye to monitor eye movements. Sampling rate: 5000 Hz. Voltage resolution: 0.1 uV. EEG system: TMS-EEG compatible BrainAmp (Brain Products). Noise masking during TMS-EEG recordings: Yes. Memory tasks data description Motor skill task 'motorSkill'-group (sub-01 to sub-15): TestSerial; averaged response time of the last 50 serial trials immediately after learning. TestRandom; averaged response time for the 50 subsequent random trials immediately after learning. RetestSerial; averaged response time for the last 50 serial trials 10h after learning. RetestRandom; averaged response time for the 50 subsequent random trials 10h after learning. 'wordRecall'-group (sub-16 to sub-30): TestSerial; averaged response time for the last 50 serial trials immediately after learning. TestRandom; averaged response time for the 50 subsequent random trials immediately after learning. 'control'-group (sub-31 to sub-45): TestRandom; averaged response time of the last 100 random trials at testing. RetestRandom; averaged response time of the last 100 random trials 10h after the tasks. Word recall task 'motorSkill'-group (sub-01 to sub-15): Test; number of words recalled immediately after learning. 'wordRecall'-group (sub-16 to sub-30): Test; number of words recalled immediately after learning. Retest; number of words recalled 10h after learning. 'control'-group (sub-31 to sub-45): Test; number of words recalled immediately after learning.Creative Commons Nimeä 4.0 Kansainvälinen (CC BY 4.0)CC-BY-4.0Creative Commons Attribution 4.0 International (CC BY 4.0)urn:nbn:fi:att:data-catalog-acrisACRIS katalogi9ACRIS catalogmetaxtrue2023-06-02T00:00:00NeurotieteetNeurovetenskaper3112Neuroscienceshttps://etsin.fairdata.fi/dataset/5a14d7a9-8f31-4bd0-9fad-14061c8e0097https://tiedejatutkimus.fi/fi/results/dataset/5a14d7a9-8f31-4bd0-9fad-14061c8e0097https://forskning.fi/sv/results/dataset/5a14d7a9-8f31-4bd0-9fad-14061c8e0097https://research.fi/en/results/dataset/5a14d7a9-8f31-4bd0-9fad-14061c8e00975a14d7a9-8f31-4bd0-9fad-14061c8e0097Distinct frequencies balance segregation with interaction between different memory types within a prefront",ビット当たり計算量; 圧縮率; 性能劣化係数,thermo_proxy_tradeoff_note_v1,熱力学量の代理指標化が粗い,https://doi.org/10.3390/e26090779,https://doi.org/10.1103/PhysRevE.107.024121,https://doi.org/10.1016/j.tics.2024.03.009
U10-RQ2,U10,熱力学的一貫性,2,非平衡熱力学指標と神経情報処理効率の対応をどう定義するか。,×,エネルギー下限の直接実証は困難なため、計算コスト・情報損失・性能劣化の関係式を前段で検証する。 本RQでは『非平衡熱力学指標と神経情報処理効率の対応をどう定義するか。』を直接主張ではなく、再現可能な検証単位へ分解して判定する。,熱力学的一貫性のRQ『非平衡熱力学指標と神経情報処理効率の対応をどう定義するか。』を、EEG公開データで検証可能な前段課題へ分解して評価する。,research_grant,研究助成,研究助成（神経科学・AI・計測系）,測定基盤; 記憶/注意; 睡眠/意識状態,測定基盤:684; 記憶/注意:1155; 睡眠/意識状態:1514,"3M-CPSEED：An EEG-based Dataset for Chinese Pinyin Production in Overt, Silent-intended, and Imagined Speech / A common neural mechanism underlies experiences of passage of time / A Resting-state EEG Dataset for Sleep Deprivation / AvoinopenOpen2023-05-30 This archive holds the original data used to derive the results reported in the publication: 'Distinct frequencies balance segregation with interaction between different memory types within a prefrontal circuit' Authors: Martina Bracco, Tuomas P. Mutanen, Domenica Veniero, Gregor Thut & Edwin M. Robertson Corresponding Author: Edwin M. Robertson Contact: edwin.robertson@glasgow.ac.uk Please refer to the License for the correct use of the data. If the use of this data leads to any public dissemination, including (but not restricted to) scientific articles, conference presentations, and posters, please remember to cite the original article. General Description The dataset is shared in BIDS format. To facilitate the upload of files to Zenodo, each subject folder was compressed separately. To ensure a valid bids structure of the dataset, extract the contents of each zip file and place them in the same directory as the other files from the dataset. By doing so, you will have all the necessary files in the correct structure for the BIDS format. Data type: raw TMS-EEG data organized in BIDS format, and epoched ±800 ms around the pulse. preprocessed motor skill and word recall data organized in BIDS format (.tsv = data file; .json = data description). Key to Filenames: sub = Participant ses-preLearning = Session 1 data folder ses-postLearnng = Session 2 data folder eeg = TMS-EEG data folder beh = behaviral data folder Participants: 45 healthy participants (30 females, 23.9±3.6 years; mean ± std) Groups: Participants were randomly assigned to three different groups with different behavioural conditions: - In the 'motorSkill'-group, participants performed a sequential motor-skill task followed by a wordlist memory task. (sub-01 to sub-15) - In the 'wordRecall'-group, participants performed a wordlist memory followed by a sequential task motor-skill task. (sub-16 to sub-30) - In the 'control'-group, participants performed a random motor-skill task followed by a wordlist memory task. (sub-31 to sub-45) TMS-EEG data description Stimulation sites: Right dorsolateral prefrontal cortex (rDLPFC). Left primary motor cortex (lM1). Sessions: Session 1: TMS-EEG recordings before the behavioural tasks. Session 2: TMS-EEG recordings after the behavioural tasks. Number of TMS pulses: 126 pulses delivered to either DLPFC or M1 before, before and after behavioural tasks (a total of 252 pulses for Session 1 and Session 2, each). Inter-Stimulus Interval: 4-6 s (4.9±0.6 s, mean ± std). TMS intensity: 80% of participants' individual motor threshold. TMS machine: Magstim Rapid2, Magstim Company. Coil: figure-of-eight coil (Double 70-mm Alpha Coil). Number of channels: 62-channel EEG channels (AFz and TP9 are used as reference and ground, respectively) + 1 FDI EMG channel + 1 electrode on the outer canthus of the left eye to monitor eye movements. Sampling rate: 5000 Hz. Voltage resolution: 0.1 uV. EEG system: TMS-EEG compatible BrainAmp (Brain Products). Noise masking during TMS-EEG recordings: Yes. Memory tasks data description Motor skill task 'motorSkill'-group (sub-01 to sub-15): TestSerial; averaged response time of the last 50 serial trials immediately after learning. TestRandom; averaged response time for the 50 subsequent random trials immediately after learning. RetestSerial; averaged response time for the last 50 serial trials 10h after learning. RetestRandom; averaged response time for the 50 subsequent random trials 10h after learning. 'wordRecall'-group (sub-16 to sub-30): TestSerial; averaged response time for the last 50 serial trials immediately after learning. TestRandom; averaged response time for the 50 subsequent random trials immediately after learning. 'control'-group (sub-31 to sub-45): TestRandom; averaged response time of the last 100 random trials at testing. RetestRandom; averaged response time of the last 100 random trials 10h after the tasks. Word recall task 'motorSkill'-group (sub-01 to sub-15): Test; number of words recalled immediately after learning. 'wordRecall'-group (sub-16 to sub-30): Test; number of words recalled immediately after learning. Retest; number of words recalled 10h after learning. 'control'-group (sub-31 to sub-45): Test; number of words recalled immediately after learning.Creative Commons Nimeä 4.0 Kansainvälinen (CC BY 4.0)CC-BY-4.0Creative Commons Attribution 4.0 International (CC BY 4.0)urn:nbn:fi:att:data-catalog-acrisACRIS katalogi9ACRIS catalogmetaxtrue2023-06-02T00:00:00NeurotieteetNeurovetenskaper3112Neuroscienceshttps://etsin.fairdata.fi/dataset/5a14d7a9-8f31-4bd0-9fad-14061c8e0097https://tiedejatutkimus.fi/fi/results/dataset/5a14d7a9-8f31-4bd0-9fad-14061c8e0097https://forskning.fi/sv/results/dataset/5a14d7a9-8f31-4bd0-9fad-14061c8e0097https://research.fi/en/results/dataset/5a14d7a9-8f31-4bd0-9fad-14061c8e00975a14d7a9-8f31-4bd0-9fad-14061c8e0097Distinct frequencies balance segregation with interaction between different memory types within a prefront",ビット当たり計算量; 圧縮率; 性能劣化係数,thermo_proxy_tradeoff_note_v1,熱力学量の代理指標化が粗い,https://doi.org/10.3390/e26090779,https://doi.org/10.1103/PhysRevE.107.024121,https://doi.org/10.1016/j.tics.2024.03.009
U10-RQ3,U10,熱力学的一貫性,3,理論式を実データ（神経活動・代謝）へ落とし込む観測設計をどう作るか。,×,エネルギー下限の直接実証は困難なため、計算コスト・情報損失・性能劣化の関係式を前段で検証する。 本RQでは『理論式を実データ（神経活動・代謝）へ落とし込む観測設計をどう作るか。』を直接主張ではなく、再現可能な検証単位へ分解して判定する。,熱力学的一貫性のRQ『理論式を実データ（神経活動・代謝）へ落とし込む観測設計をどう作るか。』を、EEG公開データで検証可能な前段課題へ分解して評価する。,research_grant,研究助成,研究助成（神経科学・AI・計測系）,測定基盤; 記憶/注意; 睡眠/意識状態,測定基盤:684; 記憶/注意:1155; 睡眠/意識状態:1514,"3M-CPSEED：An EEG-based Dataset for Chinese Pinyin Production in Overt, Silent-intended, and Imagined Speech / A common neural mechanism underlies experiences of passage of time / A Resting-state EEG Dataset for Sleep Deprivation / AvoinopenOpen2023-05-30 This archive holds the original data used to derive the results reported in the publication: 'Distinct frequencies balance segregation with interaction between different memory types within a prefrontal circuit' Authors: Martina Bracco, Tuomas P. Mutanen, Domenica Veniero, Gregor Thut & Edwin M. Robertson Corresponding Author: Edwin M. Robertson Contact: edwin.robertson@glasgow.ac.uk Please refer to the License for the correct use of the data. If the use of this data leads to any public dissemination, including (but not restricted to) scientific articles, conference presentations, and posters, please remember to cite the original article. General Description The dataset is shared in BIDS format. To facilitate the upload of files to Zenodo, each subject folder was compressed separately. To ensure a valid bids structure of the dataset, extract the contents of each zip file and place them in the same directory as the other files from the dataset. By doing so, you will have all the necessary files in the correct structure for the BIDS format. Data type: raw TMS-EEG data organized in BIDS format, and epoched ±800 ms around the pulse. preprocessed motor skill and word recall data organized in BIDS format (.tsv = data file; .json = data description). Key to Filenames: sub = Participant ses-preLearning = Session 1 data folder ses-postLearnng = Session 2 data folder eeg = TMS-EEG data folder beh = behaviral data folder Participants: 45 healthy participants (30 females, 23.9±3.6 years; mean ± std) Groups: Participants were randomly assigned to three different groups with different behavioural conditions: - In the 'motorSkill'-group, participants performed a sequential motor-skill task followed by a wordlist memory task. (sub-01 to sub-15) - In the 'wordRecall'-group, participants performed a wordlist memory followed by a sequential task motor-skill task. (sub-16 to sub-30) - In the 'control'-group, participants performed a random motor-skill task followed by a wordlist memory task. (sub-31 to sub-45) TMS-EEG data description Stimulation sites: Right dorsolateral prefrontal cortex (rDLPFC). Left primary motor cortex (lM1). Sessions: Session 1: TMS-EEG recordings before the behavioural tasks. Session 2: TMS-EEG recordings after the behavioural tasks. Number of TMS pulses: 126 pulses delivered to either DLPFC or M1 before, before and after behavioural tasks (a total of 252 pulses for Session 1 and Session 2, each). Inter-Stimulus Interval: 4-6 s (4.9±0.6 s, mean ± std). TMS intensity: 80% of participants' individual motor threshold. TMS machine: Magstim Rapid2, Magstim Company. Coil: figure-of-eight coil (Double 70-mm Alpha Coil). Number of channels: 62-channel EEG channels (AFz and TP9 are used as reference and ground, respectively) + 1 FDI EMG channel + 1 electrode on the outer canthus of the left eye to monitor eye movements. Sampling rate: 5000 Hz. Voltage resolution: 0.1 uV. EEG system: TMS-EEG compatible BrainAmp (Brain Products). Noise masking during TMS-EEG recordings: Yes. Memory tasks data description Motor skill task 'motorSkill'-group (sub-01 to sub-15): TestSerial; averaged response time of the last 50 serial trials immediately after learning. TestRandom; averaged response time for the 50 subsequent random trials immediately after learning. RetestSerial; averaged response time for the last 50 serial trials 10h after learning. RetestRandom; averaged response time for the 50 subsequent random trials 10h after learning. 'wordRecall'-group (sub-16 to sub-30): TestSerial; averaged response time for the last 50 serial trials immediately after learning. TestRandom; averaged response time for the 50 subsequent random trials immediately after learning. 'control'-group (sub-31 to sub-45): TestRandom; averaged response time of the last 100 random trials at testing. RetestRandom; averaged response time of the last 100 random trials 10h after the tasks. Word recall task 'motorSkill'-group (sub-01 to sub-15): Test; number of words recalled immediately after learning. 'wordRecall'-group (sub-16 to sub-30): Test; number of words recalled immediately after learning. Retest; number of words recalled 10h after learning. 'control'-group (sub-31 to sub-45): Test; number of words recalled immediately after learning.Creative Commons Nimeä 4.0 Kansainvälinen (CC BY 4.0)CC-BY-4.0Creative Commons Attribution 4.0 International (CC BY 4.0)urn:nbn:fi:att:data-catalog-acrisACRIS katalogi9ACRIS catalogmetaxtrue2023-06-02T00:00:00NeurotieteetNeurovetenskaper3112Neuroscienceshttps://etsin.fairdata.fi/dataset/5a14d7a9-8f31-4bd0-9fad-14061c8e0097https://tiedejatutkimus.fi/fi/results/dataset/5a14d7a9-8f31-4bd0-9fad-14061c8e0097https://forskning.fi/sv/results/dataset/5a14d7a9-8f31-4bd0-9fad-14061c8e0097https://research.fi/en/results/dataset/5a14d7a9-8f31-4bd0-9fad-14061c8e00975a14d7a9-8f31-4bd0-9fad-14061c8e0097Distinct frequencies balance segregation with interaction between different memory types within a prefront",ビット当たり計算量; 圧縮率; 性能劣化係数,thermo_proxy_tradeoff_note_v1,熱力学量の代理指標化が粗い,https://doi.org/10.3390/e26090779,https://doi.org/10.1103/PhysRevE.107.024121,https://doi.org/10.1016/j.tics.2024.03.009
U10-RQ4,U10,熱力学的一貫性,4,WBE計算コスト評価に熱力学制約をどう統合するか。,×,エネルギー下限の直接実証は困難なため、計算コスト・情報損失・性能劣化の関係式を前段で検証する。 本RQでは『WBE計算コスト評価に熱力学制約をどう統合するか。』を直接主張ではなく、再現可能な検証単位へ分解して判定する。,熱力学的一貫性のRQ『WBE計算コスト評価に熱力学制約をどう統合するか。』を、EEG公開データで検証可能な前段課題へ分解して評価する。,research_grant,研究助成,研究助成（神経科学・AI・計測系）,測定基盤; 記憶/注意; 睡眠/意識状態,測定基盤:684; 記憶/注意:1155; 睡眠/意識状態:1514,"3M-CPSEED：An EEG-based Dataset for Chinese Pinyin Production in Overt, Silent-intended, and Imagined Speech / A common neural mechanism underlies experiences of passage of time / A Resting-state EEG Dataset for Sleep Deprivation / AvoinopenOpen2023-05-30 This archive holds the original data used to derive the results reported in the publication: 'Distinct frequencies balance segregation with interaction between different memory types within a prefrontal circuit' Authors: Martina Bracco, Tuomas P. Mutanen, Domenica Veniero, Gregor Thut & Edwin M. Robertson Corresponding Author: Edwin M. Robertson Contact: edwin.robertson@glasgow.ac.uk Please refer to the License for the correct use of the data. If the use of this data leads to any public dissemination, including (but not restricted to) scientific articles, conference presentations, and posters, please remember to cite the original article. General Description The dataset is shared in BIDS format. To facilitate the upload of files to Zenodo, each subject folder was compressed separately. To ensure a valid bids structure of the dataset, extract the contents of each zip file and place them in the same directory as the other files from the dataset. By doing so, you will have all the necessary files in the correct structure for the BIDS format. Data type: raw TMS-EEG data organized in BIDS format, and epoched ±800 ms around the pulse. preprocessed motor skill and word recall data organized in BIDS format (.tsv = data file; .json = data description). Key to Filenames: sub = Participant ses-preLearning = Session 1 data folder ses-postLearnng = Session 2 data folder eeg = TMS-EEG data folder beh = behaviral data folder Participants: 45 healthy participants (30 females, 23.9±3.6 years; mean ± std) Groups: Participants were randomly assigned to three different groups with different behavioural conditions: - In the 'motorSkill'-group, participants performed a sequential motor-skill task followed by a wordlist memory task. (sub-01 to sub-15) - In the 'wordRecall'-group, participants performed a wordlist memory followed by a sequential task motor-skill task. (sub-16 to sub-30) - In the 'control'-group, participants performed a random motor-skill task followed by a wordlist memory task. (sub-31 to sub-45) TMS-EEG data description Stimulation sites: Right dorsolateral prefrontal cortex (rDLPFC). Left primary motor cortex (lM1). Sessions: Session 1: TMS-EEG recordings before the behavioural tasks. Session 2: TMS-EEG recordings after the behavioural tasks. Number of TMS pulses: 126 pulses delivered to either DLPFC or M1 before, before and after behavioural tasks (a total of 252 pulses for Session 1 and Session 2, each). Inter-Stimulus Interval: 4-6 s (4.9±0.6 s, mean ± std). TMS intensity: 80% of participants' individual motor threshold. TMS machine: Magstim Rapid2, Magstim Company. Coil: figure-of-eight coil (Double 70-mm Alpha Coil). Number of channels: 62-channel EEG channels (AFz and TP9 are used as reference and ground, respectively) + 1 FDI EMG channel + 1 electrode on the outer canthus of the left eye to monitor eye movements. Sampling rate: 5000 Hz. Voltage resolution: 0.1 uV. EEG system: TMS-EEG compatible BrainAmp (Brain Products). Noise masking during TMS-EEG recordings: Yes. Memory tasks data description Motor skill task 'motorSkill'-group (sub-01 to sub-15): TestSerial; averaged response time of the last 50 serial trials immediately after learning. TestRandom; averaged response time for the 50 subsequent random trials immediately after learning. RetestSerial; averaged response time for the last 50 serial trials 10h after learning. RetestRandom; averaged response time for the 50 subsequent random trials 10h after learning. 'wordRecall'-group (sub-16 to sub-30): TestSerial; averaged response time for the last 50 serial trials immediately after learning. TestRandom; averaged response time for the 50 subsequent random trials immediately after learning. 'control'-group (sub-31 to sub-45): TestRandom; averaged response time of the last 100 random trials at testing. RetestRandom; averaged response time of the last 100 random trials 10h after the tasks. Word recall task 'motorSkill'-group (sub-01 to sub-15): Test; number of words recalled immediately after learning. 'wordRecall'-group (sub-16 to sub-30): Test; number of words recalled immediately after learning. Retest; number of words recalled 10h after learning. 'control'-group (sub-31 to sub-45): Test; number of words recalled immediately after learning.Creative Commons Nimeä 4.0 Kansainvälinen (CC BY 4.0)CC-BY-4.0Creative Commons Attribution 4.0 International (CC BY 4.0)urn:nbn:fi:att:data-catalog-acrisACRIS katalogi9ACRIS catalogmetaxtrue2023-06-02T00:00:00NeurotieteetNeurovetenskaper3112Neuroscienceshttps://etsin.fairdata.fi/dataset/5a14d7a9-8f31-4bd0-9fad-14061c8e0097https://tiedejatutkimus.fi/fi/results/dataset/5a14d7a9-8f31-4bd0-9fad-14061c8e0097https://forskning.fi/sv/results/dataset/5a14d7a9-8f31-4bd0-9fad-14061c8e0097https://research.fi/en/results/dataset/5a14d7a9-8f31-4bd0-9fad-14061c8e00975a14d7a9-8f31-4bd0-9fad-14061c8e0097Distinct frequencies balance segregation with interaction between different memory types within a prefront",ビット当たり計算量; 圧縮率; 性能劣化係数,thermo_proxy_tradeoff_note_v1,熱力学量の代理指標化が粗い,https://doi.org/10.3390/e26090779,https://doi.org/10.1103/PhysRevE.107.024121,https://doi.org/10.1016/j.tics.2024.03.009
U11-RQ1,U11,意識指標近似の妥当性,1,理論間で比較可能な入出力仕様をどう定義するか。,△,IIT/GWT等の決着は不可だが、同一条件で指標の一致・乖離を比較するベンチは構築可能。 本RQでは『理論間で比較可能な入出力仕様をどう定義するか。』を直接主張ではなく、再現可能な検証単位へ分解して判定する。,意識指標近似の妥当性のRQ『理論間で比較可能な入出力仕様をどう定義するか。』を、EEG公開データで検証可能な前段課題へ分解して評価する。,research_grant,研究助成,研究助成（神経科学・AI・計測系）,睡眠/意識状態; ERP/P300; resting/connectivity,睡眠/意識状態:1514; ERP/P300:2084; resting/connectivity:1521,A Resting-state EEG Dataset for Sleep Deprivation / Drivers Drowsiness Database: A collection of physiological signals during the use of a driving simulator (DD-Database) / EEG /EOG/EMG data from a cross sectional study on psychophysiological insomnia and normal sleep subjects / Distorted facial perception of the partner,指標間一致率; 状態分類AUC; 乖離条件数,consciousness_index_crosscheck_v1,理論前提差を同列比較する誤差,https://www.nature.com/articles/s41586-025-08888-1,https://doi.org/10.1371/journal.pone.0268577,https://doi.org/10.1093/nc/niad016
U11-RQ2,U11,意識指標近似の妥当性,2,PCIやIIT近似計算の計算量制約をどう扱うか。,△,IIT/GWT等の決着は不可だが、同一条件で指標の一致・乖離を比較するベンチは構築可能。 本RQでは『PCIやIIT近似計算の計算量制約をどう扱うか。』を直接主張ではなく、再現可能な検証単位へ分解して判定する。,意識指標近似の妥当性のRQ『PCIやIIT近似計算の計算量制約をどう扱うか。』を、EEG公開データで検証可能な前段課題へ分解して評価する。,research_grant,研究助成,研究助成（神経科学・AI・計測系）,睡眠/意識状態; ERP/P300; resting/connectivity,睡眠/意識状態:1514; ERP/P300:2084; resting/connectivity:1521,A Resting-state EEG Dataset for Sleep Deprivation / Drivers Drowsiness Database: A collection of physiological signals during the use of a driving simulator (DD-Database) / EEG /EOG/EMG data from a cross sectional study on psychophysiological insomnia and normal sleep subjects / Distorted facial perception of the partner,指標間一致率; 状態分類AUC; 乖離条件数,consciousness_index_crosscheck_v1,理論前提差を同列比較する誤差,https://www.nature.com/articles/s41586-025-08888-1,https://doi.org/10.1371/journal.pone.0268577,https://doi.org/10.1093/nc/niad016
U11-RQ3,U11,意識指標近似の妥当性,3,理論予測の対立点を単一実験計画へどう落とすか。,△,IIT/GWT等の決着は不可だが、同一条件で指標の一致・乖離を比較するベンチは構築可能。 本RQでは『理論予測の対立点を単一実験計画へどう落とすか。』を直接主張ではなく、再現可能な検証単位へ分解して判定する。,意識指標近似の妥当性のRQ『理論予測の対立点を単一実験計画へどう落とすか。』を、EEG公開データで検証可能な前段課題へ分解して評価する。,research_grant,研究助成,研究助成（神経科学・AI・計測系）,睡眠/意識状態; ERP/P300; resting/connectivity,睡眠/意識状態:1514; ERP/P300:2084; resting/connectivity:1521,A Resting-state EEG Dataset for Sleep Deprivation / Drivers Drowsiness Database: A collection of physiological signals during the use of a driving simulator (DD-Database) / EEG /EOG/EMG data from a cross sectional study on psychophysiological insomnia and normal sleep subjects / Distorted facial perception of the partner,指標間一致率; 状態分類AUC; 乖離条件数,consciousness_index_crosscheck_v1,理論前提差を同列比較する誤差,https://www.nature.com/articles/s41586-025-08888-1,https://doi.org/10.1371/journal.pone.0268577,https://doi.org/10.1093/nc/niad016
U11-RQ4,U11,意識指標近似の妥当性,4,意識指標を臨床/研究で運用する際の失敗条件をどう明示するか。,△,IIT/GWT等の決着は不可だが、同一条件で指標の一致・乖離を比較するベンチは構築可能。 本RQでは『意識指標を臨床/研究で運用する際の失敗条件をどう明示するか。』を直接主張ではなく、再現可能な検証単位へ分解して判定する。,意識指標近似の妥当性のRQ『意識指標を臨床/研究で運用する際の失敗条件をどう明示するか。』を、EEG公開データで検証可能な前段課題へ分解して評価する。,research_grant,研究助成,研究助成（神経科学・AI・計測系）,睡眠/意識状態; ERP/P300; resting/connectivity,睡眠/意識状態:1514; ERP/P300:2084; resting/connectivity:1521,A Resting-state EEG Dataset for Sleep Deprivation / Drivers Drowsiness Database: A collection of physiological signals during the use of a driving simulator (DD-Database) / EEG /EOG/EMG data from a cross sectional study on psychophysiological insomnia and normal sleep subjects / Distorted facial perception of the partner,指標間一致率; 状態分類AUC; 乖離条件数,consciousness_index_crosscheck_v1,理論前提差を同列比較する誤差,https://www.nature.com/articles/s41586-025-08888-1,https://doi.org/10.1371/journal.pone.0268577,https://doi.org/10.1093/nc/niad016
U12-RQ1,U12,分岐本人性,1,分岐後主体の識別子を何に基づいて付与するか。,×,権利帰属はEEGだけで解けないため、分岐後監査ログ要件と技術KPI連動規約の前段整備に落とす。 本RQでは『分岐後主体の識別子を何に基づいて付与するか。』を直接主張ではなく、再現可能な検証単位へ分解して判定する。,分岐本人性のRQ『分岐後主体の識別子を何に基づいて付与するか。』を、EEG公開データで検証可能な前段課題へ分解して評価する。,activity_grant,活動助成,活動助成（標準化・公開運用・会議）,カタログメタデータ; 睡眠/意識状態; resting/connectivity,カタログメタデータ:23758; 睡眠/意識状態:1514; resting/connectivity:1521,A Resting-state EEG Dataset for Sleep Deprivation / Drivers Drowsiness Database: A collection of physiological signals during the use of a driving simulator (DD-Database) / EEG /EOG/EMG data from a cross sectional study on psychophysiological insomnia and normal sleep subjects / 5 Mins 64-Channel RestingState EEG Eyes Closed,監査ログ完全性; 判断再現率; 追跡可能性,branch_identity_governance_template_v1,法的判断を技術指標で代替し過ぎる,https://doi.org/10.1016/j.patter.2023.100861,https://eur-lex.europa.eu/eli/reg/2024/1689/oj/eng,https://book.coe.int/en/texts-of-council-of-europe-treaties/12225-council-of-europe-framework-convention-on-artificial-intelligence-and-human-rights-democracy-and-the-rule-of-law-cets-no-225.html
U12-RQ2,U12,分岐本人性,2,責任・権利・同意の継承ルールをどの時点で分岐させるか。,×,権利帰属はEEGだけで解けないため、分岐後監査ログ要件と技術KPI連動規約の前段整備に落とす。 本RQでは『責任・権利・同意の継承ルールをどの時点で分岐させるか。』を直接主張ではなく、再現可能な検証単位へ分解して判定する。,分岐本人性のRQ『責任・権利・同意の継承ルールをどの時点で分岐させるか。』を、EEG公開データで検証可能な前段課題へ分解して評価する。,activity_grant,活動助成,活動助成（標準化・公開運用・会議）,カタログメタデータ; 睡眠/意識状態; resting/connectivity,カタログメタデータ:23758; 睡眠/意識状態:1514; resting/connectivity:1521,A Resting-state EEG Dataset for Sleep Deprivation / Drivers Drowsiness Database: A collection of physiological signals during the use of a driving simulator (DD-Database) / EEG /EOG/EMG data from a cross sectional study on psychophysiological insomnia and normal sleep subjects / 5 Mins 64-Channel RestingState EEG Eyes Closed,監査ログ完全性; 判断再現率; 追跡可能性,branch_identity_governance_template_v1,法的判断を技術指標で代替し過ぎる,https://doi.org/10.1016/j.patter.2023.100861,https://eur-lex.europa.eu/eli/reg/2024/1689/oj/eng,https://book.coe.int/en/texts-of-council-of-europe-treaties/12225-council-of-europe-framework-convention-on-artificial-intelligence-and-human-rights-democracy-and-the-rule-of-law-cets-no-225.html
U12-RQ3,U12,分岐本人性,3,心理的連続性基準と法的個体基準の不一致をどう扱うか。,×,権利帰属はEEGだけで解けないため、分岐後監査ログ要件と技術KPI連動規約の前段整備に落とす。 本RQでは『心理的連続性基準と法的個体基準の不一致をどう扱うか。』を直接主張ではなく、再現可能な検証単位へ分解して判定する。,分岐本人性のRQ『心理的連続性基準と法的個体基準の不一致をどう扱うか。』を、EEG公開データで検証可能な前段課題へ分解して評価する。,activity_grant,活動助成,活動助成（標準化・公開運用・会議）,カタログメタデータ; 睡眠/意識状態; resting/connectivity,カタログメタデータ:23758; 睡眠/意識状態:1514; resting/connectivity:1521,A Resting-state EEG Dataset for Sleep Deprivation / Drivers Drowsiness Database: A collection of physiological signals during the use of a driving simulator (DD-Database) / EEG /EOG/EMG data from a cross sectional study on psychophysiological insomnia and normal sleep subjects / 5 Mins 64-Channel RestingState EEG Eyes Closed,監査ログ完全性; 判断再現率; 追跡可能性,branch_identity_governance_template_v1,法的判断を技術指標で代替し過ぎる,https://doi.org/10.1016/j.patter.2023.100861,https://eur-lex.europa.eu/eli/reg/2024/1689/oj/eng,https://book.coe.int/en/texts-of-council-of-europe-treaties/12225-council-of-europe-framework-convention-on-artificial-intelligence-and-human-rights-democracy-and-the-rule-of-law-cets-no-225.html
U12-RQ4,U12,分岐本人性,4,技術評価（性能）と人格評価（帰属）をどう接続するか。,×,権利帰属はEEGだけで解けないため、分岐後監査ログ要件と技術KPI連動規約の前段整備に落とす。 本RQでは『技術評価（性能）と人格評価（帰属）をどう接続するか。』を直接主張ではなく、再現可能な検証単位へ分解して判定する。,分岐本人性のRQ『技術評価（性能）と人格評価（帰属）をどう接続するか。』を、EEG公開データで検証可能な前段課題へ分解して評価する。,activity_grant,活動助成,活動助成（標準化・公開運用・会議）,カタログメタデータ; 睡眠/意識状態; resting/connectivity,カタログメタデータ:23758; 睡眠/意識状態:1514; resting/connectivity:1521,A Resting-state EEG Dataset for Sleep Deprivation / Drivers Drowsiness Database: A collection of physiological signals during the use of a driving simulator (DD-Database) / EEG /EOG/EMG data from a cross sectional study on psychophysiological insomnia and normal sleep subjects / 5 Mins 64-Channel RestingState EEG Eyes Closed,監査ログ完全性; 判断再現率; 追跡可能性,branch_identity_governance_template_v1,法的判断を技術指標で代替し過ぎる,https://doi.org/10.1016/j.patter.2023.100861,https://eur-lex.europa.eu/eli/reg/2024/1689/oj/eng,https://book.coe.int/en/texts-of-council-of-europe-treaties/12225-council-of-europe-framework-convention-on-artificial-intelligence-and-human-rights-democracy-and-the-rule-of-law-cets-no-225.html
U12-RQ5,U12,分岐本人性,5,分岐主体間で記憶編集・再同期が起きた場合、法的主体IDを再編する基準は何か。,×,権利帰属はEEGだけで解けないため、分岐後監査ログ要件と技術KPI連動規約の前段整備に落とす。 本RQでは『分岐主体間で記憶編集・再同期が起きた場合、法的主体IDを再編する基準は何か。』を直接主張ではなく、再現可能な検証単位へ分解して判定する。,分岐本人性のRQ『分岐主体間で記憶編集・再同期が起きた場合、法的主体IDを再編する基準は何か。』を、EEG公開データで検証可能な前段課題へ分解して評価する。,activity_grant,活動助成,活動助成（標準化・公開運用・会議）,カタログメタデータ; 睡眠/意識状態; resting/connectivity,カタログメタデータ:23758; 睡眠/意識状態:1514; resting/connectivity:1521,A Resting-state EEG Dataset for Sleep Deprivation / Drivers Drowsiness Database: A collection of physiological signals during the use of a driving simulator (DD-Database) / EEG /EOG/EMG data from a cross sectional study on psychophysiological insomnia and normal sleep subjects / 5 Mins 64-Channel RestingState EEG Eyes Closed,監査ログ完全性; 判断再現率; 追跡可能性,branch_identity_governance_template_v1,法的判断を技術指標で代替し過ぎる,https://doi.org/10.1016/j.patter.2023.100861,https://eur-lex.europa.eu/eli/reg/2024/1689/oj/eng,https://book.coe.int/en/texts-of-council-of-europe-treaties/12225-council-of-europe-framework-convention-on-artificial-intelligence-and-human-rights-democracy-and-the-rule-of-law-cets-no-225.html
U12-RQ6,U12,分岐本人性,6,同意撤回が発生したとき、複数分岐主体への権限剥奪を技術的にどう実装・監査するか。,×,権利帰属はEEGだけで解けないため、分岐後監査ログ要件と技術KPI連動規約の前段整備に落とす。 本RQでは『同意撤回が発生したとき、複数分岐主体への権限剥奪を技術的にどう実装・監査するか。』を直接主張ではなく、再現可能な検証単位へ分解して判定する。,分岐本人性のRQ『同意撤回が発生したとき、複数分岐主体への権限剥奪を技術的にどう実装・監査するか。』を、EEG公開データで検証可能な前段課題へ分解して評価する。,activity_grant,活動助成,活動助成（標準化・公開運用・会議）,カタログメタデータ; 睡眠/意識状態; resting/connectivity,カタログメタデータ:23758; 睡眠/意識状態:1514; resting/connectivity:1521,A Resting-state EEG Dataset for Sleep Deprivation / Drivers Drowsiness Database: A collection of physiological signals during the use of a driving simulator (DD-Database) / EEG /EOG/EMG data from a cross sectional study on psychophysiological insomnia and normal sleep subjects / 5 Mins 64-Channel RestingState EEG Eyes Closed,監査ログ完全性; 判断再現率; 追跡可能性,branch_identity_governance_template_v1,法的判断を技術指標で代替し過ぎる,https://doi.org/10.1016/j.patter.2023.100861,https://eur-lex.europa.eu/eli/reg/2024/1689/oj/eng,https://book.coe.int/en/texts-of-council-of-europe-treaties/12225-council-of-europe-framework-convention-on-artificial-intelligence-and-human-rights-democracy-and-the-rule-of-law-cets-no-225.html
U13-RQ1,U13,模倣分離,1,brain-to-text成功を『意味復元』と『因果再現』へ分解できるか。,△,模倣と内部因果保存の完全分離は困難だが、出力一致と内部表現一致を二軸で同時評価できる。 本RQでは『brain-to-text成功を『意味復元』と『因果再現』へ分解できるか。』を直接主張ではなく、再現可能な検証単位へ分解して判定する。,模倣分離のRQ『brain-to-text成功を『意味復元』と『因果再現』へ分解できるか。』を、EEG公開データで検証可能な前段課題へ分解して評価する。,research_grant,研究助成,研究助成（神経科学・AI・計測系）,言語/意味; 運動意図; ERP/P300,言語/意味:1344; 運動意図:2431; ERP/P300:2084,"3M-CPSEED：An EEG-based Dataset for Chinese Pinyin Production in Overt, Silent-intended, and Imagined Speech / Baseline EEG in the first year of life: insights into the development of autism spectrum disorder and language impairments / Distinct electroencephalography biomarker for tinnitus / EEG data from basic sensory task in Schizophrenia",出力一致率; 表現距離; 介入応答差,imitation_vs_structure_benchmark_v1,高性能模倣を保存と誤認,https://doi.org/10.3390/e26070556,https://doi.org/10.1609/aaai.v39i27.35124,https://doi.org/10.1609/aaai.v39i17.33998
U13-RQ2,U13,模倣分離,2,LLMの幻覚・整合性検査を神経デコード評価へどう接続するか。,△,模倣と内部因果保存の完全分離は困難だが、出力一致と内部表現一致を二軸で同時評価できる。 本RQでは『LLMの幻覚・整合性検査を神経デコード評価へどう接続するか。』を直接主張ではなく、再現可能な検証単位へ分解して判定する。,模倣分離のRQ『LLMの幻覚・整合性検査を神経デコード評価へどう接続するか。』を、EEG公開データで検証可能な前段課題へ分解して評価する。,research_grant,研究助成,研究助成（神経科学・AI・計測系）,言語/意味; 運動意図; ERP/P300,言語/意味:1344; 運動意図:2431; ERP/P300:2084,"3M-CPSEED：An EEG-based Dataset for Chinese Pinyin Production in Overt, Silent-intended, and Imagined Speech / Baseline EEG in the first year of life: insights into the development of autism spectrum disorder and language impairments / Distinct electroencephalography biomarker for tinnitus / EEG data from basic sensory task in Schizophrenia",出力一致率; 表現距離; 介入応答差,imitation_vs_structure_benchmark_v1,高性能模倣を保存と誤認,https://doi.org/10.3390/e26070556,https://doi.org/10.1609/aaai.v39i27.35124,https://doi.org/10.1609/aaai.v39i17.33998
U13-RQ3,U13,模倣分離,3,同一出力でも内部機構が異なるケースをどう検出するか。,△,模倣と内部因果保存の完全分離は困難だが、出力一致と内部表現一致を二軸で同時評価できる。 本RQでは『同一出力でも内部機構が異なるケースをどう検出するか。』を直接主張ではなく、再現可能な検証単位へ分解して判定する。,模倣分離のRQ『同一出力でも内部機構が異なるケースをどう検出するか。』を、EEG公開データで検証可能な前段課題へ分解して評価する。,research_grant,研究助成,研究助成（神経科学・AI・計測系）,言語/意味; 運動意図; ERP/P300,言語/意味:1344; 運動意図:2431; ERP/P300:2084,"3M-CPSEED：An EEG-based Dataset for Chinese Pinyin Production in Overt, Silent-intended, and Imagined Speech / Baseline EEG in the first year of life: insights into the development of autism spectrum disorder and language impairments / Distinct electroencephalography biomarker for tinnitus / EEG data from basic sensory task in Schizophrenia",出力一致率; 表現距離; 介入応答差,imitation_vs_structure_benchmark_v1,高性能模倣を保存と誤認,https://doi.org/10.3390/e26070556,https://doi.org/10.1609/aaai.v39i27.35124,https://doi.org/10.1609/aaai.v39i17.33998
U13-RQ4,U13,模倣分離,4,模倣性能の上限を因果評価でどこまで抑制できるか。,△,模倣と内部因果保存の完全分離は困難だが、出力一致と内部表現一致を二軸で同時評価できる。 本RQでは『模倣性能の上限を因果評価でどこまで抑制できるか。』を直接主張ではなく、再現可能な検証単位へ分解して判定する。,模倣分離のRQ『模倣性能の上限を因果評価でどこまで抑制できるか。』を、EEG公開データで検証可能な前段課題へ分解して評価する。,research_grant,研究助成,研究助成（神経科学・AI・計測系）,言語/意味; 運動意図; ERP/P300,言語/意味:1344; 運動意図:2431; ERP/P300:2084,"3M-CPSEED：An EEG-based Dataset for Chinese Pinyin Production in Overt, Silent-intended, and Imagined Speech / Baseline EEG in the first year of life: insights into the development of autism spectrum disorder and language impairments / Distinct electroencephalography biomarker for tinnitus / EEG data from basic sensory task in Schizophrenia",出力一致率; 表現距離; 介入応答差,imitation_vs_structure_benchmark_v1,高性能模倣を保存と誤認,https://doi.org/10.3390/e26070556,https://doi.org/10.1609/aaai.v39i27.35124,https://doi.org/10.1609/aaai.v39i17.33998
U13-RQ5,U13,模倣分離,5,視覚知覚と視覚想起で同一デコーダを使ったとき、意味復元精度の劣化パターンはどこで分岐するか。,△,模倣と内部因果保存の完全分離は困難だが、出力一致と内部表現一致を二軸で同時評価できる。 本RQでは『視覚知覚と視覚想起で同一デコーダを使ったとき、意味復元精度の劣化パターンはどこで分岐するか。』を直接主張ではなく、再現可能な検証単位へ分解して判定する。,模倣分離のRQ『視覚知覚と視覚想起で同一デコーダを使ったとき、意味復元精度の劣化パターンはどこで分岐するか。』を、EEG公開データで検証可能な前段課題へ分解して評価する。,research_grant,研究助成,研究助成（神経科学・AI・計測系）,言語/意味; 運動意図; ERP/P300,言語/意味:1344; 運動意図:2431; ERP/P300:2084,"3M-CPSEED：An EEG-based Dataset for Chinese Pinyin Production in Overt, Silent-intended, and Imagined Speech / Baseline EEG in the first year of life: insights into the development of autism spectrum disorder and language impairments / Distinct electroencephalography biomarker for tinnitus / EEG data from basic sensory task in Schizophrenia",出力一致率; 表現距離; 介入応答差,imitation_vs_structure_benchmark_v1,高性能模倣を保存と誤認,https://doi.org/10.3390/e26070556,https://doi.org/10.1609/aaai.v39i27.35124,https://doi.org/10.1609/aaai.v39i17.33998
U13-RQ6,U13,模倣分離,6,プロンプト誘導・データリーク・shortcut学習を分離検出する対照実験をどう設計するか。,△,模倣と内部因果保存の完全分離は困難だが、出力一致と内部表現一致を二軸で同時評価できる。 本RQでは『プロンプト誘導・データリーク・shortcut学習を分離検出する対照実験をどう設計するか。』を直接主張ではなく、再現可能な検証単位へ分解して判定する。,模倣分離のRQ『プロンプト誘導・データリーク・shortcut学習を分離検出する対照実験をどう設計するか。』を、EEG公開データで検証可能な前段課題へ分解して評価する。,research_grant,研究助成,研究助成（神経科学・AI・計測系）,言語/意味; 運動意図; ERP/P300,言語/意味:1344; 運動意図:2431; ERP/P300:2084,"3M-CPSEED：An EEG-based Dataset for Chinese Pinyin Production in Overt, Silent-intended, and Imagined Speech / Baseline EEG in the first year of life: insights into the development of autism spectrum disorder and language impairments / Distinct electroencephalography biomarker for tinnitus / EEG data from basic sensory task in Schizophrenia",出力一致率; 表現距離; 介入応答差,imitation_vs_structure_benchmark_v1,高性能模倣を保存と誤認,https://doi.org/10.3390/e26070556,https://doi.org/10.1609/aaai.v39i27.35124,https://doi.org/10.1609/aaai.v39i17.33998
U14-RQ1,U14,追試可能性,1,データ/コード/評価環境の固定粒度をどこまで要求するか。,○,公開データ・同一手順・同一契約での再現はEEG領域で最も実装しやすく、短期成果化しやすい。 本RQでは『データ/コード/評価環境の固定粒度をどこまで要求するか。』を直接主張ではなく、再現可能な検証単位へ分解して判定する。,追試可能性のRQ『データ/コード/評価環境の固定粒度をどこまで要求するか。』を、EEG公開データで検証可能な前段課題へ分解して評価する。,research_grant,研究助成,研究助成（神経科学・AI・計測系）,測定基盤; カタログメタデータ; 運動意図; 睡眠/意識状態,測定基盤:684; カタログメタデータ:23758; 運動意図:2431; 睡眠/意識状態:1514,"3M-CPSEED：An EEG-based Dataset for Chinese Pinyin Production in Overt, Silent-intended, and Imagined Speech / A common neural mechanism underlies experiences of passage of time / A Resting-state EEG Dataset for Sleep Deprivation / AvoinopenOpen2023-05-30 This archive holds the original data used to derive the results reported in the publication: 'Distinct frequencies balance segregation with interaction between different memory types within a prefrontal circuit' Authors: Martina Bracco, Tuomas P. Mutanen, Domenica Veniero, Gregor Thut & Edwin M. Robertson Corresponding Author: Edwin M. Robertson Contact: edwin.robertson@glasgow.ac.uk Please refer to the License for the correct use of the data. If the use of this data leads to any public dissemination, including (but not restricted to) scientific articles, conference presentations, and posters, please remember to cite the original article. General Description The dataset is shared in BIDS format. To facilitate the upload of files to Zenodo, each subject folder was compressed separately. To ensure a valid bids structure of the dataset, extract the contents of each zip file and place them in the same directory as the other files from the dataset. By doing so, you will have all the necessary files in the correct structure for the BIDS format. Data type: raw TMS-EEG data organized in BIDS format, and epoched ±800 ms around the pulse. preprocessed motor skill and word recall data organized in BIDS format (.tsv = data file; .json = data description). Key to Filenames: sub = Participant ses-preLearning = Session 1 data folder ses-postLearnng = Session 2 data folder eeg = TMS-EEG data folder beh = behaviral data folder Participants: 45 healthy participants (30 females, 23.9±3.6 years; mean ± std) Groups: Participants were randomly assigned to three different groups with different behavioural conditions: - In the 'motorSkill'-group, participants performed a sequential motor-skill task followed by a wordlist memory task. (sub-01 to sub-15) - In the 'wordRecall'-group, participants performed a wordlist memory followed by a sequential task motor-skill task. (sub-16 to sub-30) - In the 'control'-group, participants performed a random motor-skill task followed by a wordlist memory task. (sub-31 to sub-45) TMS-EEG data description Stimulation sites: Right dorsolateral prefrontal cortex (rDLPFC). Left primary motor cortex (lM1). Sessions: Session 1: TMS-EEG recordings before the behavioural tasks. Session 2: TMS-EEG recordings after the behavioural tasks. Number of TMS pulses: 126 pulses delivered to either DLPFC or M1 before, before and after behavioural tasks (a total of 252 pulses for Session 1 and Session 2, each). Inter-Stimulus Interval: 4-6 s (4.9±0.6 s, mean ± std). TMS intensity: 80% of participants' individual motor threshold. TMS machine: Magstim Rapid2, Magstim Company. Coil: figure-of-eight coil (Double 70-mm Alpha Coil). Number of channels: 62-channel EEG channels (AFz and TP9 are used as reference and ground, respectively) + 1 FDI EMG channel + 1 electrode on the outer canthus of the left eye to monitor eye movements. Sampling rate: 5000 Hz. Voltage resolution: 0.1 uV. EEG system: TMS-EEG compatible BrainAmp (Brain Products). Noise masking during TMS-EEG recordings: Yes. Memory tasks data description Motor skill task 'motorSkill'-group (sub-01 to sub-15): TestSerial; averaged response time of the last 50 serial trials immediately after learning. TestRandom; averaged response time for the 50 subsequent random trials immediately after learning. RetestSerial; averaged response time for the last 50 serial trials 10h after learning. RetestRandom; averaged response time for the 50 subsequent random trials 10h after learning. 'wordRecall'-group (sub-16 to sub-30): TestSerial; averaged response time for the last 50 serial trials immediately after learning. TestRandom; averaged response time for the 50 subsequent random trials immediately after learning. 'control'-group (sub-31 to sub-45): TestRandom; averaged response time of the last 100 random trials at testing. RetestRandom; averaged response time of the last 100 random trials 10h after the tasks. Word recall task 'motorSkill'-group (sub-01 to sub-15): Test; number of words recalled immediately after learning. 'wordRecall'-group (sub-16 to sub-30): Test; number of words recalled immediately after learning. Retest; number of words recalled 10h after learning. 'control'-group (sub-31 to sub-45): Test; number of words recalled immediately after learning.Creative Commons Nimeä 4.0 Kansainvälinen (CC BY 4.0)CC-BY-4.0Creative Commons Attribution 4.0 International (CC BY 4.0)urn:nbn:fi:att:data-catalog-acrisACRIS katalogi9ACRIS catalogmetaxtrue2023-06-02T00:00:00NeurotieteetNeurovetenskaper3112Neuroscienceshttps://etsin.fairdata.fi/dataset/5a14d7a9-8f31-4bd0-9fad-14061c8e0097https://tiedejatutkimus.fi/fi/results/dataset/5a14d7a9-8f31-4bd0-9fad-14061c8e0097https://forskning.fi/sv/results/dataset/5a14d7a9-8f31-4bd0-9fad-14061c8e0097https://research.fi/en/results/dataset/5a14d7a9-8f31-4bd0-9fad-14061c8e00975a14d7a9-8f31-4bd0-9fad-14061c8e0097Distinct frequencies balance segregation with interaction between different memory types within a prefront",追試成功率; 再現コスト; 手順逸脱率,reproducibility_contract_pack_v1,メタデータ欠損で追試不能,https://doi.org/10.1016/j.jneumeth.2023.109931,https://bids-specification.readthedocs.io/en/stable/,https://zenodo.org/records/18201723
U14-RQ2,U14,追試可能性,2,探索研究と検証研究を運用上どう分離するか。,○,公開データ・同一手順・同一契約での再現はEEG領域で最も実装しやすく、短期成果化しやすい。 本RQでは『探索研究と検証研究を運用上どう分離するか。』を直接主張ではなく、再現可能な検証単位へ分解して判定する。,追試可能性のRQ『探索研究と検証研究を運用上どう分離するか。』を、EEG公開データで検証可能な前段課題へ分解して評価する。,research_grant,研究助成,研究助成（神経科学・AI・計測系）,測定基盤; カタログメタデータ; 運動意図; 睡眠/意識状態,測定基盤:684; カタログメタデータ:23758; 運動意図:2431; 睡眠/意識状態:1514,"3M-CPSEED：An EEG-based Dataset for Chinese Pinyin Production in Overt, Silent-intended, and Imagined Speech / A common neural mechanism underlies experiences of passage of time / A Resting-state EEG Dataset for Sleep Deprivation / AvoinopenOpen2023-05-30 This archive holds the original data used to derive the results reported in the publication: 'Distinct frequencies balance segregation with interaction between different memory types within a prefrontal circuit' Authors: Martina Bracco, Tuomas P. Mutanen, Domenica Veniero, Gregor Thut & Edwin M. Robertson Corresponding Author: Edwin M. Robertson Contact: edwin.robertson@glasgow.ac.uk Please refer to the License for the correct use of the data. If the use of this data leads to any public dissemination, including (but not restricted to) scientific articles, conference presentations, and posters, please remember to cite the original article. General Description The dataset is shared in BIDS format. To facilitate the upload of files to Zenodo, each subject folder was compressed separately. To ensure a valid bids structure of the dataset, extract the contents of each zip file and place them in the same directory as the other files from the dataset. By doing so, you will have all the necessary files in the correct structure for the BIDS format. Data type: raw TMS-EEG data organized in BIDS format, and epoched ±800 ms around the pulse. preprocessed motor skill and word recall data organized in BIDS format (.tsv = data file; .json = data description). Key to Filenames: sub = Participant ses-preLearning = Session 1 data folder ses-postLearnng = Session 2 data folder eeg = TMS-EEG data folder beh = behaviral data folder Participants: 45 healthy participants (30 females, 23.9±3.6 years; mean ± std) Groups: Participants were randomly assigned to three different groups with different behavioural conditions: - In the 'motorSkill'-group, participants performed a sequential motor-skill task followed by a wordlist memory task. (sub-01 to sub-15) - In the 'wordRecall'-group, participants performed a wordlist memory followed by a sequential task motor-skill task. (sub-16 to sub-30) - In the 'control'-group, participants performed a random motor-skill task followed by a wordlist memory task. (sub-31 to sub-45) TMS-EEG data description Stimulation sites: Right dorsolateral prefrontal cortex (rDLPFC). Left primary motor cortex (lM1). Sessions: Session 1: TMS-EEG recordings before the behavioural tasks. Session 2: TMS-EEG recordings after the behavioural tasks. Number of TMS pulses: 126 pulses delivered to either DLPFC or M1 before, before and after behavioural tasks (a total of 252 pulses for Session 1 and Session 2, each). Inter-Stimulus Interval: 4-6 s (4.9±0.6 s, mean ± std). TMS intensity: 80% of participants' individual motor threshold. TMS machine: Magstim Rapid2, Magstim Company. Coil: figure-of-eight coil (Double 70-mm Alpha Coil). Number of channels: 62-channel EEG channels (AFz and TP9 are used as reference and ground, respectively) + 1 FDI EMG channel + 1 electrode on the outer canthus of the left eye to monitor eye movements. Sampling rate: 5000 Hz. Voltage resolution: 0.1 uV. EEG system: TMS-EEG compatible BrainAmp (Brain Products). Noise masking during TMS-EEG recordings: Yes. Memory tasks data description Motor skill task 'motorSkill'-group (sub-01 to sub-15): TestSerial; averaged response time of the last 50 serial trials immediately after learning. TestRandom; averaged response time for the 50 subsequent random trials immediately after learning. RetestSerial; averaged response time for the last 50 serial trials 10h after learning. RetestRandom; averaged response time for the 50 subsequent random trials 10h after learning. 'wordRecall'-group (sub-16 to sub-30): TestSerial; averaged response time for the last 50 serial trials immediately after learning. TestRandom; averaged response time for the 50 subsequent random trials immediately after learning. 'control'-group (sub-31 to sub-45): TestRandom; averaged response time of the last 100 random trials at testing. RetestRandom; averaged response time of the last 100 random trials 10h after the tasks. Word recall task 'motorSkill'-group (sub-01 to sub-15): Test; number of words recalled immediately after learning. 'wordRecall'-group (sub-16 to sub-30): Test; number of words recalled immediately after learning. Retest; number of words recalled 10h after learning. 'control'-group (sub-31 to sub-45): Test; number of words recalled immediately after learning.Creative Commons Nimeä 4.0 Kansainvälinen (CC BY 4.0)CC-BY-4.0Creative Commons Attribution 4.0 International (CC BY 4.0)urn:nbn:fi:att:data-catalog-acrisACRIS katalogi9ACRIS catalogmetaxtrue2023-06-02T00:00:00NeurotieteetNeurovetenskaper3112Neuroscienceshttps://etsin.fairdata.fi/dataset/5a14d7a9-8f31-4bd0-9fad-14061c8e0097https://tiedejatutkimus.fi/fi/results/dataset/5a14d7a9-8f31-4bd0-9fad-14061c8e0097https://forskning.fi/sv/results/dataset/5a14d7a9-8f31-4bd0-9fad-14061c8e0097https://research.fi/en/results/dataset/5a14d7a9-8f31-4bd0-9fad-14061c8e00975a14d7a9-8f31-4bd0-9fad-14061c8e0097Distinct frequencies balance segregation with interaction between different memory types within a prefront",追試成功率; 再現コスト; 手順逸脱率,reproducibility_contract_pack_v1,メタデータ欠損で追試不能,https://doi.org/10.1016/j.jneumeth.2023.109931,https://bids-specification.readthedocs.io/en/stable/,https://zenodo.org/records/18201723
U14-RQ3,U14,追試可能性,3,leaderboardでのリーク・過適合・報告バイアスをどう監査するか。,○,公開データ・同一手順・同一契約での再現はEEG領域で最も実装しやすく、短期成果化しやすい。 本RQでは『leaderboardでのリーク・過適合・報告バイアスをどう監査するか。』を直接主張ではなく、再現可能な検証単位へ分解して判定する。,追試可能性のRQ『leaderboardでのリーク・過適合・報告バイアスをどう監査するか。』を、EEG公開データで検証可能な前段課題へ分解して評価する。,research_grant,研究助成,研究助成（神経科学・AI・計測系）,測定基盤; カタログメタデータ; 運動意図; 睡眠/意識状態,測定基盤:684; カタログメタデータ:23758; 運動意図:2431; 睡眠/意識状態:1514,"3M-CPSEED：An EEG-based Dataset for Chinese Pinyin Production in Overt, Silent-intended, and Imagined Speech / A common neural mechanism underlies experiences of passage of time / A Resting-state EEG Dataset for Sleep Deprivation / AvoinopenOpen2023-05-30 This archive holds the original data used to derive the results reported in the publication: 'Distinct frequencies balance segregation with interaction between different memory types within a prefrontal circuit' Authors: Martina Bracco, Tuomas P. Mutanen, Domenica Veniero, Gregor Thut & Edwin M. Robertson Corresponding Author: Edwin M. Robertson Contact: edwin.robertson@glasgow.ac.uk Please refer to the License for the correct use of the data. If the use of this data leads to any public dissemination, including (but not restricted to) scientific articles, conference presentations, and posters, please remember to cite the original article. General Description The dataset is shared in BIDS format. To facilitate the upload of files to Zenodo, each subject folder was compressed separately. To ensure a valid bids structure of the dataset, extract the contents of each zip file and place them in the same directory as the other files from the dataset. By doing so, you will have all the necessary files in the correct structure for the BIDS format. Data type: raw TMS-EEG data organized in BIDS format, and epoched ±800 ms around the pulse. preprocessed motor skill and word recall data organized in BIDS format (.tsv = data file; .json = data description). Key to Filenames: sub = Participant ses-preLearning = Session 1 data folder ses-postLearnng = Session 2 data folder eeg = TMS-EEG data folder beh = behaviral data folder Participants: 45 healthy participants (30 females, 23.9±3.6 years; mean ± std) Groups: Participants were randomly assigned to three different groups with different behavioural conditions: - In the 'motorSkill'-group, participants performed a sequential motor-skill task followed by a wordlist memory task. (sub-01 to sub-15) - In the 'wordRecall'-group, participants performed a wordlist memory followed by a sequential task motor-skill task. (sub-16 to sub-30) - In the 'control'-group, participants performed a random motor-skill task followed by a wordlist memory task. (sub-31 to sub-45) TMS-EEG data description Stimulation sites: Right dorsolateral prefrontal cortex (rDLPFC). Left primary motor cortex (lM1). Sessions: Session 1: TMS-EEG recordings before the behavioural tasks. Session 2: TMS-EEG recordings after the behavioural tasks. Number of TMS pulses: 126 pulses delivered to either DLPFC or M1 before, before and after behavioural tasks (a total of 252 pulses for Session 1 and Session 2, each). Inter-Stimulus Interval: 4-6 s (4.9±0.6 s, mean ± std). TMS intensity: 80% of participants' individual motor threshold. TMS machine: Magstim Rapid2, Magstim Company. Coil: figure-of-eight coil (Double 70-mm Alpha Coil). Number of channels: 62-channel EEG channels (AFz and TP9 are used as reference and ground, respectively) + 1 FDI EMG channel + 1 electrode on the outer canthus of the left eye to monitor eye movements. Sampling rate: 5000 Hz. Voltage resolution: 0.1 uV. EEG system: TMS-EEG compatible BrainAmp (Brain Products). Noise masking during TMS-EEG recordings: Yes. Memory tasks data description Motor skill task 'motorSkill'-group (sub-01 to sub-15): TestSerial; averaged response time of the last 50 serial trials immediately after learning. TestRandom; averaged response time for the 50 subsequent random trials immediately after learning. RetestSerial; averaged response time for the last 50 serial trials 10h after learning. RetestRandom; averaged response time for the 50 subsequent random trials 10h after learning. 'wordRecall'-group (sub-16 to sub-30): TestSerial; averaged response time for the last 50 serial trials immediately after learning. TestRandom; averaged response time for the 50 subsequent random trials immediately after learning. 'control'-group (sub-31 to sub-45): TestRandom; averaged response time of the last 100 random trials at testing. RetestRandom; averaged response time of the last 100 random trials 10h after the tasks. Word recall task 'motorSkill'-group (sub-01 to sub-15): Test; number of words recalled immediately after learning. 'wordRecall'-group (sub-16 to sub-30): Test; number of words recalled immediately after learning. Retest; number of words recalled 10h after learning. 'control'-group (sub-31 to sub-45): Test; number of words recalled immediately after learning.Creative Commons Nimeä 4.0 Kansainvälinen (CC BY 4.0)CC-BY-4.0Creative Commons Attribution 4.0 International (CC BY 4.0)urn:nbn:fi:att:data-catalog-acrisACRIS katalogi9ACRIS catalogmetaxtrue2023-06-02T00:00:00NeurotieteetNeurovetenskaper3112Neuroscienceshttps://etsin.fairdata.fi/dataset/5a14d7a9-8f31-4bd0-9fad-14061c8e0097https://tiedejatutkimus.fi/fi/results/dataset/5a14d7a9-8f31-4bd0-9fad-14061c8e0097https://forskning.fi/sv/results/dataset/5a14d7a9-8f31-4bd0-9fad-14061c8e0097https://research.fi/en/results/dataset/5a14d7a9-8f31-4bd0-9fad-14061c8e00975a14d7a9-8f31-4bd0-9fad-14061c8e0097Distinct frequencies balance segregation with interaction between different memory types within a prefront",追試成功率; 再現コスト; 手順逸脱率,reproducibility_contract_pack_v1,メタデータ欠損で追試不能,https://doi.org/10.1016/j.jneumeth.2023.109931,https://bids-specification.readthedocs.io/en/stable/,https://zenodo.org/records/18201723
U14-RQ4,U14,追試可能性,4,Model Card / Dataset Card を評価契約へどう統合するか。,○,公開データ・同一手順・同一契約での再現はEEG領域で最も実装しやすく、短期成果化しやすい。 本RQでは『Model Card / Dataset Card を評価契約へどう統合するか。』を直接主張ではなく、再現可能な検証単位へ分解して判定する。,追試可能性のRQ『Model Card / Dataset Card を評価契約へどう統合するか。』を、EEG公開データで検証可能な前段課題へ分解して評価する。,research_grant,研究助成,研究助成（神経科学・AI・計測系）,測定基盤; カタログメタデータ; 運動意図; 睡眠/意識状態,測定基盤:684; カタログメタデータ:23758; 運動意図:2431; 睡眠/意識状態:1514,"3M-CPSEED：An EEG-based Dataset for Chinese Pinyin Production in Overt, Silent-intended, and Imagined Speech / A common neural mechanism underlies experiences of passage of time / A Resting-state EEG Dataset for Sleep Deprivation / AvoinopenOpen2023-05-30 This archive holds the original data used to derive the results reported in the publication: 'Distinct frequencies balance segregation with interaction between different memory types within a prefrontal circuit' Authors: Martina Bracco, Tuomas P. Mutanen, Domenica Veniero, Gregor Thut & Edwin M. Robertson Corresponding Author: Edwin M. Robertson Contact: edwin.robertson@glasgow.ac.uk Please refer to the License for the correct use of the data. If the use of this data leads to any public dissemination, including (but not restricted to) scientific articles, conference presentations, and posters, please remember to cite the original article. General Description The dataset is shared in BIDS format. To facilitate the upload of files to Zenodo, each subject folder was compressed separately. To ensure a valid bids structure of the dataset, extract the contents of each zip file and place them in the same directory as the other files from the dataset. By doing so, you will have all the necessary files in the correct structure for the BIDS format. Data type: raw TMS-EEG data organized in BIDS format, and epoched ±800 ms around the pulse. preprocessed motor skill and word recall data organized in BIDS format (.tsv = data file; .json = data description). Key to Filenames: sub = Participant ses-preLearning = Session 1 data folder ses-postLearnng = Session 2 data folder eeg = TMS-EEG data folder beh = behaviral data folder Participants: 45 healthy participants (30 females, 23.9±3.6 years; mean ± std) Groups: Participants were randomly assigned to three different groups with different behavioural conditions: - In the 'motorSkill'-group, participants performed a sequential motor-skill task followed by a wordlist memory task. (sub-01 to sub-15) - In the 'wordRecall'-group, participants performed a wordlist memory followed by a sequential task motor-skill task. (sub-16 to sub-30) - In the 'control'-group, participants performed a random motor-skill task followed by a wordlist memory task. (sub-31 to sub-45) TMS-EEG data description Stimulation sites: Right dorsolateral prefrontal cortex (rDLPFC). Left primary motor cortex (lM1). Sessions: Session 1: TMS-EEG recordings before the behavioural tasks. Session 2: TMS-EEG recordings after the behavioural tasks. Number of TMS pulses: 126 pulses delivered to either DLPFC or M1 before, before and after behavioural tasks (a total of 252 pulses for Session 1 and Session 2, each). Inter-Stimulus Interval: 4-6 s (4.9±0.6 s, mean ± std). TMS intensity: 80% of participants' individual motor threshold. TMS machine: Magstim Rapid2, Magstim Company. Coil: figure-of-eight coil (Double 70-mm Alpha Coil). Number of channels: 62-channel EEG channels (AFz and TP9 are used as reference and ground, respectively) + 1 FDI EMG channel + 1 electrode on the outer canthus of the left eye to monitor eye movements. Sampling rate: 5000 Hz. Voltage resolution: 0.1 uV. EEG system: TMS-EEG compatible BrainAmp (Brain Products). Noise masking during TMS-EEG recordings: Yes. Memory tasks data description Motor skill task 'motorSkill'-group (sub-01 to sub-15): TestSerial; averaged response time of the last 50 serial trials immediately after learning. TestRandom; averaged response time for the 50 subsequent random trials immediately after learning. RetestSerial; averaged response time for the last 50 serial trials 10h after learning. RetestRandom; averaged response time for the 50 subsequent random trials 10h after learning. 'wordRecall'-group (sub-16 to sub-30): TestSerial; averaged response time for the last 50 serial trials immediately after learning. TestRandom; averaged response time for the 50 subsequent random trials immediately after learning. 'control'-group (sub-31 to sub-45): TestRandom; averaged response time of the last 100 random trials at testing. RetestRandom; averaged response time of the last 100 random trials 10h after the tasks. Word recall task 'motorSkill'-group (sub-01 to sub-15): Test; number of words recalled immediately after learning. 'wordRecall'-group (sub-16 to sub-30): Test; number of words recalled immediately after learning. Retest; number of words recalled 10h after learning. 'control'-group (sub-31 to sub-45): Test; number of words recalled immediately after learning.Creative Commons Nimeä 4.0 Kansainvälinen (CC BY 4.0)CC-BY-4.0Creative Commons Attribution 4.0 International (CC BY 4.0)urn:nbn:fi:att:data-catalog-acrisACRIS katalogi9ACRIS catalogmetaxtrue2023-06-02T00:00:00NeurotieteetNeurovetenskaper3112Neuroscienceshttps://etsin.fairdata.fi/dataset/5a14d7a9-8f31-4bd0-9fad-14061c8e0097https://tiedejatutkimus.fi/fi/results/dataset/5a14d7a9-8f31-4bd0-9fad-14061c8e0097https://forskning.fi/sv/results/dataset/5a14d7a9-8f31-4bd0-9fad-14061c8e0097https://research.fi/en/results/dataset/5a14d7a9-8f31-4bd0-9fad-14061c8e00975a14d7a9-8f31-4bd0-9fad-14061c8e0097Distinct frequencies balance segregation with interaction between different memory types within a prefront",追試成功率; 再現コスト; 手順逸脱率,reproducibility_contract_pack_v1,メタデータ欠損で追試不能,https://doi.org/10.1016/j.jneumeth.2023.109931,https://bids-specification.readthedocs.io/en/stable/,https://zenodo.org/records/18201723
U14-RQ5,U14,追試可能性,5,再現失敗ケースを否定例レジストリとして公開し、再試行サイクルをどう運用するか。,○,公開データ・同一手順・同一契約での再現はEEG領域で最も実装しやすく、短期成果化しやすい。 本RQでは『再現失敗ケースを否定例レジストリとして公開し、再試行サイクルをどう運用するか。』を直接主張ではなく、再現可能な検証単位へ分解して判定する。,追試可能性のRQ『再現失敗ケースを否定例レジストリとして公開し、再試行サイクルをどう運用するか。』を、EEG公開データで検証可能な前段課題へ分解して評価する。,research_grant,研究助成,研究助成（神経科学・AI・計測系）,測定基盤; カタログメタデータ; 運動意図; 睡眠/意識状態,測定基盤:684; カタログメタデータ:23758; 運動意図:2431; 睡眠/意識状態:1514,"3M-CPSEED：An EEG-based Dataset for Chinese Pinyin Production in Overt, Silent-intended, and Imagined Speech / A common neural mechanism underlies experiences of passage of time / A Resting-state EEG Dataset for Sleep Deprivation / AvoinopenOpen2023-05-30 This archive holds the original data used to derive the results reported in the publication: 'Distinct frequencies balance segregation with interaction between different memory types within a prefrontal circuit' Authors: Martina Bracco, Tuomas P. Mutanen, Domenica Veniero, Gregor Thut & Edwin M. Robertson Corresponding Author: Edwin M. Robertson Contact: edwin.robertson@glasgow.ac.uk Please refer to the License for the correct use of the data. If the use of this data leads to any public dissemination, including (but not restricted to) scientific articles, conference presentations, and posters, please remember to cite the original article. General Description The dataset is shared in BIDS format. To facilitate the upload of files to Zenodo, each subject folder was compressed separately. To ensure a valid bids structure of the dataset, extract the contents of each zip file and place them in the same directory as the other files from the dataset. By doing so, you will have all the necessary files in the correct structure for the BIDS format. Data type: raw TMS-EEG data organized in BIDS format, and epoched ±800 ms around the pulse. preprocessed motor skill and word recall data organized in BIDS format (.tsv = data file; .json = data description). Key to Filenames: sub = Participant ses-preLearning = Session 1 data folder ses-postLearnng = Session 2 data folder eeg = TMS-EEG data folder beh = behaviral data folder Participants: 45 healthy participants (30 females, 23.9±3.6 years; mean ± std) Groups: Participants were randomly assigned to three different groups with different behavioural conditions: - In the 'motorSkill'-group, participants performed a sequential motor-skill task followed by a wordlist memory task. (sub-01 to sub-15) - In the 'wordRecall'-group, participants performed a wordlist memory followed by a sequential task motor-skill task. (sub-16 to sub-30) - In the 'control'-group, participants performed a random motor-skill task followed by a wordlist memory task. (sub-31 to sub-45) TMS-EEG data description Stimulation sites: Right dorsolateral prefrontal cortex (rDLPFC). Left primary motor cortex (lM1). Sessions: Session 1: TMS-EEG recordings before the behavioural tasks. Session 2: TMS-EEG recordings after the behavioural tasks. Number of TMS pulses: 126 pulses delivered to either DLPFC or M1 before, before and after behavioural tasks (a total of 252 pulses for Session 1 and Session 2, each). Inter-Stimulus Interval: 4-6 s (4.9±0.6 s, mean ± std). TMS intensity: 80% of participants' individual motor threshold. TMS machine: Magstim Rapid2, Magstim Company. Coil: figure-of-eight coil (Double 70-mm Alpha Coil). Number of channels: 62-channel EEG channels (AFz and TP9 are used as reference and ground, respectively) + 1 FDI EMG channel + 1 electrode on the outer canthus of the left eye to monitor eye movements. Sampling rate: 5000 Hz. Voltage resolution: 0.1 uV. EEG system: TMS-EEG compatible BrainAmp (Brain Products). Noise masking during TMS-EEG recordings: Yes. Memory tasks data description Motor skill task 'motorSkill'-group (sub-01 to sub-15): TestSerial; averaged response time of the last 50 serial trials immediately after learning. TestRandom; averaged response time for the 50 subsequent random trials immediately after learning. RetestSerial; averaged response time for the last 50 serial trials 10h after learning. RetestRandom; averaged response time for the 50 subsequent random trials 10h after learning. 'wordRecall'-group (sub-16 to sub-30): TestSerial; averaged response time for the last 50 serial trials immediately after learning. TestRandom; averaged response time for the 50 subsequent random trials immediately after learning. 'control'-group (sub-31 to sub-45): TestRandom; averaged response time of the last 100 random trials at testing. RetestRandom; averaged response time of the last 100 random trials 10h after the tasks. Word recall task 'motorSkill'-group (sub-01 to sub-15): Test; number of words recalled immediately after learning. 'wordRecall'-group (sub-16 to sub-30): Test; number of words recalled immediately after learning. Retest; number of words recalled 10h after learning. 'control'-group (sub-31 to sub-45): Test; number of words recalled immediately after learning.Creative Commons Nimeä 4.0 Kansainvälinen (CC BY 4.0)CC-BY-4.0Creative Commons Attribution 4.0 International (CC BY 4.0)urn:nbn:fi:att:data-catalog-acrisACRIS katalogi9ACRIS catalogmetaxtrue2023-06-02T00:00:00NeurotieteetNeurovetenskaper3112Neuroscienceshttps://etsin.fairdata.fi/dataset/5a14d7a9-8f31-4bd0-9fad-14061c8e0097https://tiedejatutkimus.fi/fi/results/dataset/5a14d7a9-8f31-4bd0-9fad-14061c8e0097https://forskning.fi/sv/results/dataset/5a14d7a9-8f31-4bd0-9fad-14061c8e0097https://research.fi/en/results/dataset/5a14d7a9-8f31-4bd0-9fad-14061c8e00975a14d7a9-8f31-4bd0-9fad-14061c8e0097Distinct frequencies balance segregation with interaction between different memory types within a prefront",追試成功率; 再現コスト; 手順逸脱率,reproducibility_contract_pack_v1,メタデータ欠損で追試不能,https://doi.org/10.1016/j.jneumeth.2023.109931,https://bids-specification.readthedocs.io/en/stable/,https://zenodo.org/records/18201723
U14-RQ6,U14,追試可能性,6,コンテナ固定（OS・依存ライブラリ・乱数種）を必須化した場合、再現コスト増分をどこまで許容するか。,○,公開データ・同一手順・同一契約での再現はEEG領域で最も実装しやすく、短期成果化しやすい。 本RQでは『コンテナ固定（OS・依存ライブラリ・乱数種）を必須化した場合、再現コスト増分をどこまで許容するか。』を直接主張ではなく、再現可能な検証単位へ分解して判定する。,追試可能性のRQ『コンテナ固定（OS・依存ライブラリ・乱数種）を必須化した場合、再現コスト増分をどこまで許容するか。』を、EEG公開データで検証可能な前段課題へ分解して評価する。,research_grant,研究助成,研究助成（神経科学・AI・計測系）,測定基盤; カタログメタデータ; 運動意図; 睡眠/意識状態,測定基盤:684; カタログメタデータ:23758; 運動意図:2431; 睡眠/意識状態:1514,"3M-CPSEED：An EEG-based Dataset for Chinese Pinyin Production in Overt, Silent-intended, and Imagined Speech / A common neural mechanism underlies experiences of passage of time / A Resting-state EEG Dataset for Sleep Deprivation / AvoinopenOpen2023-05-30 This archive holds the original data used to derive the results reported in the publication: 'Distinct frequencies balance segregation with interaction between different memory types within a prefrontal circuit' Authors: Martina Bracco, Tuomas P. Mutanen, Domenica Veniero, Gregor Thut & Edwin M. Robertson Corresponding Author: Edwin M. Robertson Contact: edwin.robertson@glasgow.ac.uk Please refer to the License for the correct use of the data. If the use of this data leads to any public dissemination, including (but not restricted to) scientific articles, conference presentations, and posters, please remember to cite the original article. General Description The dataset is shared in BIDS format. To facilitate the upload of files to Zenodo, each subject folder was compressed separately. To ensure a valid bids structure of the dataset, extract the contents of each zip file and place them in the same directory as the other files from the dataset. By doing so, you will have all the necessary files in the correct structure for the BIDS format. Data type: raw TMS-EEG data organized in BIDS format, and epoched ±800 ms around the pulse. preprocessed motor skill and word recall data organized in BIDS format (.tsv = data file; .json = data description). Key to Filenames: sub = Participant ses-preLearning = Session 1 data folder ses-postLearnng = Session 2 data folder eeg = TMS-EEG data folder beh = behaviral data folder Participants: 45 healthy participants (30 females, 23.9±3.6 years; mean ± std) Groups: Participants were randomly assigned to three different groups with different behavioural conditions: - In the 'motorSkill'-group, participants performed a sequential motor-skill task followed by a wordlist memory task. (sub-01 to sub-15) - In the 'wordRecall'-group, participants performed a wordlist memory followed by a sequential task motor-skill task. (sub-16 to sub-30) - In the 'control'-group, participants performed a random motor-skill task followed by a wordlist memory task. (sub-31 to sub-45) TMS-EEG data description Stimulation sites: Right dorsolateral prefrontal cortex (rDLPFC). Left primary motor cortex (lM1). Sessions: Session 1: TMS-EEG recordings before the behavioural tasks. Session 2: TMS-EEG recordings after the behavioural tasks. Number of TMS pulses: 126 pulses delivered to either DLPFC or M1 before, before and after behavioural tasks (a total of 252 pulses for Session 1 and Session 2, each). Inter-Stimulus Interval: 4-6 s (4.9±0.6 s, mean ± std). TMS intensity: 80% of participants' individual motor threshold. TMS machine: Magstim Rapid2, Magstim Company. Coil: figure-of-eight coil (Double 70-mm Alpha Coil). Number of channels: 62-channel EEG channels (AFz and TP9 are used as reference and ground, respectively) + 1 FDI EMG channel + 1 electrode on the outer canthus of the left eye to monitor eye movements. Sampling rate: 5000 Hz. Voltage resolution: 0.1 uV. EEG system: TMS-EEG compatible BrainAmp (Brain Products). Noise masking during TMS-EEG recordings: Yes. Memory tasks data description Motor skill task 'motorSkill'-group (sub-01 to sub-15): TestSerial; averaged response time of the last 50 serial trials immediately after learning. TestRandom; averaged response time for the 50 subsequent random trials immediately after learning. RetestSerial; averaged response time for the last 50 serial trials 10h after learning. RetestRandom; averaged response time for the 50 subsequent random trials 10h after learning. 'wordRecall'-group (sub-16 to sub-30): TestSerial; averaged response time for the last 50 serial trials immediately after learning. TestRandom; averaged response time for the 50 subsequent random trials immediately after learning. 'control'-group (sub-31 to sub-45): TestRandom; averaged response time of the last 100 random trials at testing. RetestRandom; averaged response time of the last 100 random trials 10h after the tasks. Word recall task 'motorSkill'-group (sub-01 to sub-15): Test; number of words recalled immediately after learning. 'wordRecall'-group (sub-16 to sub-30): Test; number of words recalled immediately after learning. Retest; number of words recalled 10h after learning. 'control'-group (sub-31 to sub-45): Test; number of words recalled immediately after learning.Creative Commons Nimeä 4.0 Kansainvälinen (CC BY 4.0)CC-BY-4.0Creative Commons Attribution 4.0 International (CC BY 4.0)urn:nbn:fi:att:data-catalog-acrisACRIS katalogi9ACRIS catalogmetaxtrue2023-06-02T00:00:00NeurotieteetNeurovetenskaper3112Neuroscienceshttps://etsin.fairdata.fi/dataset/5a14d7a9-8f31-4bd0-9fad-14061c8e0097https://tiedejatutkimus.fi/fi/results/dataset/5a14d7a9-8f31-4bd0-9fad-14061c8e0097https://forskning.fi/sv/results/dataset/5a14d7a9-8f31-4bd0-9fad-14061c8e0097https://research.fi/en/results/dataset/5a14d7a9-8f31-4bd0-9fad-14061c8e00975a14d7a9-8f31-4bd0-9fad-14061c8e0097Distinct frequencies balance segregation with interaction between different memory types within a prefront",追試成功率; 再現コスト; 手順逸脱率,reproducibility_contract_pack_v1,メタデータ欠損で追試不能,https://doi.org/10.1016/j.jneumeth.2023.109931,https://bids-specification.readthedocs.io/en/stable/,https://zenodo.org/records/18201723
U15-RQ1,U15,制度統合,1,神経データの機微性をどの法概念で扱うか（個人情報・生体情報・人格情報）。,×,法/倫理KPI連動の最終設計は非技術論点を含むため、技術KPIとの接続仕様を前段で設計する。 本RQでは『神経データの機微性をどの法概念で扱うか（個人情報・生体情報・人格情報）。』を直接主張ではなく、再現可能な検証単位へ分解して判定する。,制度統合のRQ『神経データの機微性をどの法概念で扱うか（個人情報・生体情報・人格情報）。』を、EEG公開データで検証可能な前段課題へ分解して評価する。,activity_grant,活動助成,活動助成（標準化・公開運用・会議）,カタログメタデータ; 測定基盤,カタログメタデータ:23758; 測定基盤:684,"3M-CPSEED：An EEG-based Dataset for Chinese Pinyin Production in Overt, Silent-intended, and Imagined Speech / A common neural mechanism underlies experiences of passage of time / A Resting-state EEG Dataset for Sleep Deprivation / AvoinopenOpen2023-05-30 This archive holds the original data used to derive the results reported in the publication: 'Distinct frequencies balance segregation with interaction between different memory types within a prefrontal circuit' Authors: Martina Bracco, Tuomas P. Mutanen, Domenica Veniero, Gregor Thut & Edwin M. Robertson Corresponding Author: Edwin M. Robertson Contact: edwin.robertson@glasgow.ac.uk Please refer to the License for the correct use of the data. If the use of this data leads to any public dissemination, including (but not restricted to) scientific articles, conference presentations, and posters, please remember to cite the original article. General Description The dataset is shared in BIDS format. To facilitate the upload of files to Zenodo, each subject folder was compressed separately. To ensure a valid bids structure of the dataset, extract the contents of each zip file and place them in the same directory as the other files from the dataset. By doing so, you will have all the necessary files in the correct structure for the BIDS format. Data type: raw TMS-EEG data organized in BIDS format, and epoched ±800 ms around the pulse. preprocessed motor skill and word recall data organized in BIDS format (.tsv = data file; .json = data description). Key to Filenames: sub = Participant ses-preLearning = Session 1 data folder ses-postLearnng = Session 2 data folder eeg = TMS-EEG data folder beh = behaviral data folder Participants: 45 healthy participants (30 females, 23.9±3.6 years; mean ± std) Groups: Participants were randomly assigned to three different groups with different behavioural conditions: - In the 'motorSkill'-group, participants performed a sequential motor-skill task followed by a wordlist memory task. (sub-01 to sub-15) - In the 'wordRecall'-group, participants performed a wordlist memory followed by a sequential task motor-skill task. (sub-16 to sub-30) - In the 'control'-group, participants performed a random motor-skill task followed by a wordlist memory task. (sub-31 to sub-45) TMS-EEG data description Stimulation sites: Right dorsolateral prefrontal cortex (rDLPFC). Left primary motor cortex (lM1). Sessions: Session 1: TMS-EEG recordings before the behavioural tasks. Session 2: TMS-EEG recordings after the behavioural tasks. Number of TMS pulses: 126 pulses delivered to either DLPFC or M1 before, before and after behavioural tasks (a total of 252 pulses for Session 1 and Session 2, each). Inter-Stimulus Interval: 4-6 s (4.9±0.6 s, mean ± std). TMS intensity: 80% of participants' individual motor threshold. TMS machine: Magstim Rapid2, Magstim Company. Coil: figure-of-eight coil (Double 70-mm Alpha Coil). Number of channels: 62-channel EEG channels (AFz and TP9 are used as reference and ground, respectively) + 1 FDI EMG channel + 1 electrode on the outer canthus of the left eye to monitor eye movements. Sampling rate: 5000 Hz. Voltage resolution: 0.1 uV. EEG system: TMS-EEG compatible BrainAmp (Brain Products). Noise masking during TMS-EEG recordings: Yes. Memory tasks data description Motor skill task 'motorSkill'-group (sub-01 to sub-15): TestSerial; averaged response time of the last 50 serial trials immediately after learning. TestRandom; averaged response time for the 50 subsequent random trials immediately after learning. RetestSerial; averaged response time for the last 50 serial trials 10h after learning. RetestRandom; averaged response time for the 50 subsequent random trials 10h after learning. 'wordRecall'-group (sub-16 to sub-30): TestSerial; averaged response time for the last 50 serial trials immediately after learning. TestRandom; averaged response time for the 50 subsequent random trials immediately after learning. 'control'-group (sub-31 to sub-45): TestRandom; averaged response time of the last 100 random trials at testing. RetestRandom; averaged response time of the last 100 random trials 10h after the tasks. Word recall task 'motorSkill'-group (sub-01 to sub-15): Test; number of words recalled immediately after learning. 'wordRecall'-group (sub-16 to sub-30): Test; number of words recalled immediately after learning. Retest; number of words recalled 10h after learning. 'control'-group (sub-31 to sub-45): Test; number of words recalled immediately after learning.Creative Commons Nimeä 4.0 Kansainvälinen (CC BY 4.0)CC-BY-4.0Creative Commons Attribution 4.0 International (CC BY 4.0)urn:nbn:fi:att:data-catalog-acrisACRIS katalogi9ACRIS catalogmetaxtrue2023-06-02T00:00:00NeurotieteetNeurovetenskaper3112Neuroscienceshttps://etsin.fairdata.fi/dataset/5a14d7a9-8f31-4bd0-9fad-14061c8e0097https://tiedejatutkimus.fi/fi/results/dataset/5a14d7a9-8f31-4bd0-9fad-14061c8e0097https://forskning.fi/sv/results/dataset/5a14d7a9-8f31-4bd0-9fad-14061c8e0097https://research.fi/en/results/dataset/5a14d7a9-8f31-4bd0-9fad-14061c8e00975a14d7a9-8f31-4bd0-9fad-14061c8e0097Distinct frequencies balance segregation with interaction between different memory types within a prefront",KPI連結率; 監査可能性; 停止判断再現率,tech_legal_kpi_bridge_v1,制度変更で規約が陳腐化,https://eur-lex.europa.eu/eli/reg/2024/1689/oj/eng,https://doi.org/10.6028/NIST.AI.600-1,https://oecd.ai/ai-principles/
U15-RQ2,U15,制度統合,2,neurorightsを技術監査項目へどう写像するか。,×,法/倫理KPI連動の最終設計は非技術論点を含むため、技術KPIとの接続仕様を前段で設計する。 本RQでは『neurorightsを技術監査項目へどう写像するか。』を直接主張ではなく、再現可能な検証単位へ分解して判定する。,制度統合のRQ『neurorightsを技術監査項目へどう写像するか。』を、EEG公開データで検証可能な前段課題へ分解して評価する。,activity_grant,活動助成,活動助成（標準化・公開運用・会議）,カタログメタデータ; 測定基盤,カタログメタデータ:23758; 測定基盤:684,"3M-CPSEED：An EEG-based Dataset for Chinese Pinyin Production in Overt, Silent-intended, and Imagined Speech / A common neural mechanism underlies experiences of passage of time / A Resting-state EEG Dataset for Sleep Deprivation / AvoinopenOpen2023-05-30 This archive holds the original data used to derive the results reported in the publication: 'Distinct frequencies balance segregation with interaction between different memory types within a prefrontal circuit' Authors: Martina Bracco, Tuomas P. Mutanen, Domenica Veniero, Gregor Thut & Edwin M. Robertson Corresponding Author: Edwin M. Robertson Contact: edwin.robertson@glasgow.ac.uk Please refer to the License for the correct use of the data. If the use of this data leads to any public dissemination, including (but not restricted to) scientific articles, conference presentations, and posters, please remember to cite the original article. General Description The dataset is shared in BIDS format. To facilitate the upload of files to Zenodo, each subject folder was compressed separately. To ensure a valid bids structure of the dataset, extract the contents of each zip file and place them in the same directory as the other files from the dataset. By doing so, you will have all the necessary files in the correct structure for the BIDS format. Data type: raw TMS-EEG data organized in BIDS format, and epoched ±800 ms around the pulse. preprocessed motor skill and word recall data organized in BIDS format (.tsv = data file; .json = data description). Key to Filenames: sub = Participant ses-preLearning = Session 1 data folder ses-postLearnng = Session 2 data folder eeg = TMS-EEG data folder beh = behaviral data folder Participants: 45 healthy participants (30 females, 23.9±3.6 years; mean ± std) Groups: Participants were randomly assigned to three different groups with different behavioural conditions: - In the 'motorSkill'-group, participants performed a sequential motor-skill task followed by a wordlist memory task. (sub-01 to sub-15) - In the 'wordRecall'-group, participants performed a wordlist memory followed by a sequential task motor-skill task. (sub-16 to sub-30) - In the 'control'-group, participants performed a random motor-skill task followed by a wordlist memory task. (sub-31 to sub-45) TMS-EEG data description Stimulation sites: Right dorsolateral prefrontal cortex (rDLPFC). Left primary motor cortex (lM1). Sessions: Session 1: TMS-EEG recordings before the behavioural tasks. Session 2: TMS-EEG recordings after the behavioural tasks. Number of TMS pulses: 126 pulses delivered to either DLPFC or M1 before, before and after behavioural tasks (a total of 252 pulses for Session 1 and Session 2, each). Inter-Stimulus Interval: 4-6 s (4.9±0.6 s, mean ± std). TMS intensity: 80% of participants' individual motor threshold. TMS machine: Magstim Rapid2, Magstim Company. Coil: figure-of-eight coil (Double 70-mm Alpha Coil). Number of channels: 62-channel EEG channels (AFz and TP9 are used as reference and ground, respectively) + 1 FDI EMG channel + 1 electrode on the outer canthus of the left eye to monitor eye movements. Sampling rate: 5000 Hz. Voltage resolution: 0.1 uV. EEG system: TMS-EEG compatible BrainAmp (Brain Products). Noise masking during TMS-EEG recordings: Yes. Memory tasks data description Motor skill task 'motorSkill'-group (sub-01 to sub-15): TestSerial; averaged response time of the last 50 serial trials immediately after learning. TestRandom; averaged response time for the 50 subsequent random trials immediately after learning. RetestSerial; averaged response time for the last 50 serial trials 10h after learning. RetestRandom; averaged response time for the 50 subsequent random trials 10h after learning. 'wordRecall'-group (sub-16 to sub-30): TestSerial; averaged response time for the last 50 serial trials immediately after learning. TestRandom; averaged response time for the 50 subsequent random trials immediately after learning. 'control'-group (sub-31 to sub-45): TestRandom; averaged response time of the last 100 random trials at testing. RetestRandom; averaged response time of the last 100 random trials 10h after the tasks. Word recall task 'motorSkill'-group (sub-01 to sub-15): Test; number of words recalled immediately after learning. 'wordRecall'-group (sub-16 to sub-30): Test; number of words recalled immediately after learning. Retest; number of words recalled 10h after learning. 'control'-group (sub-31 to sub-45): Test; number of words recalled immediately after learning.Creative Commons Nimeä 4.0 Kansainvälinen (CC BY 4.0)CC-BY-4.0Creative Commons Attribution 4.0 International (CC BY 4.0)urn:nbn:fi:att:data-catalog-acrisACRIS katalogi9ACRIS catalogmetaxtrue2023-06-02T00:00:00NeurotieteetNeurovetenskaper3112Neuroscienceshttps://etsin.fairdata.fi/dataset/5a14d7a9-8f31-4bd0-9fad-14061c8e0097https://tiedejatutkimus.fi/fi/results/dataset/5a14d7a9-8f31-4bd0-9fad-14061c8e0097https://forskning.fi/sv/results/dataset/5a14d7a9-8f31-4bd0-9fad-14061c8e0097https://research.fi/en/results/dataset/5a14d7a9-8f31-4bd0-9fad-14061c8e00975a14d7a9-8f31-4bd0-9fad-14061c8e0097Distinct frequencies balance segregation with interaction between different memory types within a prefront",KPI連結率; 監査可能性; 停止判断再現率,tech_legal_kpi_bridge_v1,制度変更で規約が陳腐化,https://eur-lex.europa.eu/eli/reg/2024/1689/oj/eng,https://doi.org/10.6028/NIST.AI.600-1,https://oecd.ai/ai-principles/
U15-RQ3,U15,制度統合,3,法域差（EU/US/JP等）を跨ぐ最小共通運用をどう定義するか。,×,法/倫理KPI連動の最終設計は非技術論点を含むため、技術KPIとの接続仕様を前段で設計する。 本RQでは『法域差（EU/US/JP等）を跨ぐ最小共通運用をどう定義するか。』を直接主張ではなく、再現可能な検証単位へ分解して判定する。,制度統合のRQ『法域差（EU/US/JP等）を跨ぐ最小共通運用をどう定義するか。』を、EEG公開データで検証可能な前段課題へ分解して評価する。,activity_grant,活動助成,活動助成（標準化・公開運用・会議）,カタログメタデータ; 測定基盤,カタログメタデータ:23758; 測定基盤:684,"3M-CPSEED：An EEG-based Dataset for Chinese Pinyin Production in Overt, Silent-intended, and Imagined Speech / A common neural mechanism underlies experiences of passage of time / A Resting-state EEG Dataset for Sleep Deprivation / AvoinopenOpen2023-05-30 This archive holds the original data used to derive the results reported in the publication: 'Distinct frequencies balance segregation with interaction between different memory types within a prefrontal circuit' Authors: Martina Bracco, Tuomas P. Mutanen, Domenica Veniero, Gregor Thut & Edwin M. Robertson Corresponding Author: Edwin M. Robertson Contact: edwin.robertson@glasgow.ac.uk Please refer to the License for the correct use of the data. If the use of this data leads to any public dissemination, including (but not restricted to) scientific articles, conference presentations, and posters, please remember to cite the original article. General Description The dataset is shared in BIDS format. To facilitate the upload of files to Zenodo, each subject folder was compressed separately. To ensure a valid bids structure of the dataset, extract the contents of each zip file and place them in the same directory as the other files from the dataset. By doing so, you will have all the necessary files in the correct structure for the BIDS format. Data type: raw TMS-EEG data organized in BIDS format, and epoched ±800 ms around the pulse. preprocessed motor skill and word recall data organized in BIDS format (.tsv = data file; .json = data description). Key to Filenames: sub = Participant ses-preLearning = Session 1 data folder ses-postLearnng = Session 2 data folder eeg = TMS-EEG data folder beh = behaviral data folder Participants: 45 healthy participants (30 females, 23.9±3.6 years; mean ± std) Groups: Participants were randomly assigned to three different groups with different behavioural conditions: - In the 'motorSkill'-group, participants performed a sequential motor-skill task followed by a wordlist memory task. (sub-01 to sub-15) - In the 'wordRecall'-group, participants performed a wordlist memory followed by a sequential task motor-skill task. (sub-16 to sub-30) - In the 'control'-group, participants performed a random motor-skill task followed by a wordlist memory task. (sub-31 to sub-45) TMS-EEG data description Stimulation sites: Right dorsolateral prefrontal cortex (rDLPFC). Left primary motor cortex (lM1). Sessions: Session 1: TMS-EEG recordings before the behavioural tasks. Session 2: TMS-EEG recordings after the behavioural tasks. Number of TMS pulses: 126 pulses delivered to either DLPFC or M1 before, before and after behavioural tasks (a total of 252 pulses for Session 1 and Session 2, each). Inter-Stimulus Interval: 4-6 s (4.9±0.6 s, mean ± std). TMS intensity: 80% of participants' individual motor threshold. TMS machine: Magstim Rapid2, Magstim Company. Coil: figure-of-eight coil (Double 70-mm Alpha Coil). Number of channels: 62-channel EEG channels (AFz and TP9 are used as reference and ground, respectively) + 1 FDI EMG channel + 1 electrode on the outer canthus of the left eye to monitor eye movements. Sampling rate: 5000 Hz. Voltage resolution: 0.1 uV. EEG system: TMS-EEG compatible BrainAmp (Brain Products). Noise masking during TMS-EEG recordings: Yes. Memory tasks data description Motor skill task 'motorSkill'-group (sub-01 to sub-15): TestSerial; averaged response time of the last 50 serial trials immediately after learning. TestRandom; averaged response time for the 50 subsequent random trials immediately after learning. RetestSerial; averaged response time for the last 50 serial trials 10h after learning. RetestRandom; averaged response time for the 50 subsequent random trials 10h after learning. 'wordRecall'-group (sub-16 to sub-30): TestSerial; averaged response time for the last 50 serial trials immediately after learning. TestRandom; averaged response time for the 50 subsequent random trials immediately after learning. 'control'-group (sub-31 to sub-45): TestRandom; averaged response time of the last 100 random trials at testing. RetestRandom; averaged response time of the last 100 random trials 10h after the tasks. Word recall task 'motorSkill'-group (sub-01 to sub-15): Test; number of words recalled immediately after learning. 'wordRecall'-group (sub-16 to sub-30): Test; number of words recalled immediately after learning. Retest; number of words recalled 10h after learning. 'control'-group (sub-31 to sub-45): Test; number of words recalled immediately after learning.Creative Commons Nimeä 4.0 Kansainvälinen (CC BY 4.0)CC-BY-4.0Creative Commons Attribution 4.0 International (CC BY 4.0)urn:nbn:fi:att:data-catalog-acrisACRIS katalogi9ACRIS catalogmetaxtrue2023-06-02T00:00:00NeurotieteetNeurovetenskaper3112Neuroscienceshttps://etsin.fairdata.fi/dataset/5a14d7a9-8f31-4bd0-9fad-14061c8e0097https://tiedejatutkimus.fi/fi/results/dataset/5a14d7a9-8f31-4bd0-9fad-14061c8e0097https://forskning.fi/sv/results/dataset/5a14d7a9-8f31-4bd0-9fad-14061c8e0097https://research.fi/en/results/dataset/5a14d7a9-8f31-4bd0-9fad-14061c8e00975a14d7a9-8f31-4bd0-9fad-14061c8e0097Distinct frequencies balance segregation with interaction between different memory types within a prefront",KPI連結率; 監査可能性; 停止判断再現率,tech_legal_kpi_bridge_v1,制度変更で規約が陳腐化,https://eur-lex.europa.eu/eli/reg/2024/1689/oj/eng,https://doi.org/10.6028/NIST.AI.600-1,https://oecd.ai/ai-principles/
U15-RQ4,U15,制度統合,4,技術進展に応じた停止条件・更新条件をどうガバナンス化するか。,×,法/倫理KPI連動の最終設計は非技術論点を含むため、技術KPIとの接続仕様を前段で設計する。 本RQでは『技術進展に応じた停止条件・更新条件をどうガバナンス化するか。』を直接主張ではなく、再現可能な検証単位へ分解して判定する。,制度統合のRQ『技術進展に応じた停止条件・更新条件をどうガバナンス化するか。』を、EEG公開データで検証可能な前段課題へ分解して評価する。,activity_grant,活動助成,活動助成（標準化・公開運用・会議）,カタログメタデータ; 測定基盤,カタログメタデータ:23758; 測定基盤:684,"3M-CPSEED：An EEG-based Dataset for Chinese Pinyin Production in Overt, Silent-intended, and Imagined Speech / A common neural mechanism underlies experiences of passage of time / A Resting-state EEG Dataset for Sleep Deprivation / AvoinopenOpen2023-05-30 This archive holds the original data used to derive the results reported in the publication: 'Distinct frequencies balance segregation with interaction between different memory types within a prefrontal circuit' Authors: Martina Bracco, Tuomas P. Mutanen, Domenica Veniero, Gregor Thut & Edwin M. Robertson Corresponding Author: Edwin M. Robertson Contact: edwin.robertson@glasgow.ac.uk Please refer to the License for the correct use of the data. If the use of this data leads to any public dissemination, including (but not restricted to) scientific articles, conference presentations, and posters, please remember to cite the original article. General Description The dataset is shared in BIDS format. To facilitate the upload of files to Zenodo, each subject folder was compressed separately. To ensure a valid bids structure of the dataset, extract the contents of each zip file and place them in the same directory as the other files from the dataset. By doing so, you will have all the necessary files in the correct structure for the BIDS format. Data type: raw TMS-EEG data organized in BIDS format, and epoched ±800 ms around the pulse. preprocessed motor skill and word recall data organized in BIDS format (.tsv = data file; .json = data description). Key to Filenames: sub = Participant ses-preLearning = Session 1 data folder ses-postLearnng = Session 2 data folder eeg = TMS-EEG data folder beh = behaviral data folder Participants: 45 healthy participants (30 females, 23.9±3.6 years; mean ± std) Groups: Participants were randomly assigned to three different groups with different behavioural conditions: - In the 'motorSkill'-group, participants performed a sequential motor-skill task followed by a wordlist memory task. (sub-01 to sub-15) - In the 'wordRecall'-group, participants performed a wordlist memory followed by a sequential task motor-skill task. (sub-16 to sub-30) - In the 'control'-group, participants performed a random motor-skill task followed by a wordlist memory task. (sub-31 to sub-45) TMS-EEG data description Stimulation sites: Right dorsolateral prefrontal cortex (rDLPFC). Left primary motor cortex (lM1). Sessions: Session 1: TMS-EEG recordings before the behavioural tasks. Session 2: TMS-EEG recordings after the behavioural tasks. Number of TMS pulses: 126 pulses delivered to either DLPFC or M1 before, before and after behavioural tasks (a total of 252 pulses for Session 1 and Session 2, each). Inter-Stimulus Interval: 4-6 s (4.9±0.6 s, mean ± std). TMS intensity: 80% of participants' individual motor threshold. TMS machine: Magstim Rapid2, Magstim Company. Coil: figure-of-eight coil (Double 70-mm Alpha Coil). Number of channels: 62-channel EEG channels (AFz and TP9 are used as reference and ground, respectively) + 1 FDI EMG channel + 1 electrode on the outer canthus of the left eye to monitor eye movements. Sampling rate: 5000 Hz. Voltage resolution: 0.1 uV. EEG system: TMS-EEG compatible BrainAmp (Brain Products). Noise masking during TMS-EEG recordings: Yes. Memory tasks data description Motor skill task 'motorSkill'-group (sub-01 to sub-15): TestSerial; averaged response time of the last 50 serial trials immediately after learning. TestRandom; averaged response time for the 50 subsequent random trials immediately after learning. RetestSerial; averaged response time for the last 50 serial trials 10h after learning. RetestRandom; averaged response time for the 50 subsequent random trials 10h after learning. 'wordRecall'-group (sub-16 to sub-30): TestSerial; averaged response time for the last 50 serial trials immediately after learning. TestRandom; averaged response time for the 50 subsequent random trials immediately after learning. 'control'-group (sub-31 to sub-45): TestRandom; averaged response time of the last 100 random trials at testing. RetestRandom; averaged response time of the last 100 random trials 10h after the tasks. Word recall task 'motorSkill'-group (sub-01 to sub-15): Test; number of words recalled immediately after learning. 'wordRecall'-group (sub-16 to sub-30): Test; number of words recalled immediately after learning. Retest; number of words recalled 10h after learning. 'control'-group (sub-31 to sub-45): Test; number of words recalled immediately after learning.Creative Commons Nimeä 4.0 Kansainvälinen (CC BY 4.0)CC-BY-4.0Creative Commons Attribution 4.0 International (CC BY 4.0)urn:nbn:fi:att:data-catalog-acrisACRIS katalogi9ACRIS catalogmetaxtrue2023-06-02T00:00:00NeurotieteetNeurovetenskaper3112Neuroscienceshttps://etsin.fairdata.fi/dataset/5a14d7a9-8f31-4bd0-9fad-14061c8e0097https://tiedejatutkimus.fi/fi/results/dataset/5a14d7a9-8f31-4bd0-9fad-14061c8e0097https://forskning.fi/sv/results/dataset/5a14d7a9-8f31-4bd0-9fad-14061c8e0097https://research.fi/en/results/dataset/5a14d7a9-8f31-4bd0-9fad-14061c8e00975a14d7a9-8f31-4bd0-9fad-14061c8e0097Distinct frequencies balance segregation with interaction between different memory types within a prefront",KPI連結率; 監査可能性; 停止判断再現率,tech_legal_kpi_bridge_v1,制度変更で規約が陳腐化,https://eur-lex.europa.eu/eli/reg/2024/1689/oj/eng,https://doi.org/10.6028/NIST.AI.600-1,https://oecd.ai/ai-principles/
